2026-06-13 13:57:00,013 INFO auto_tiktok_editor.telegram.multi Started Telegram bot 'linh_an_ngon'.
2026-06-13 13:57:00,014 INFO auto_tiktok_editor.telegram.multi Started Telegram bot 'an_vat_cung_tien'.
2026-06-13 13:57:00,014 INFO auto_tiktok_editor.telegram.multi Started Telegram bot 'my_me_an_vat'.
2026-06-13 13:57:00,014 INFO auto_tiktok_editor.telegram.multi Started Telegram bot 'tep_riu'.
2026-06-13 13:57:00,020 INFO auto_tiktok_editor.telegram.multi Telegram bot worker started.
2026-06-13 13:57:00,021 INFO auto_tiktok_editor.telegram.multi Telegram bot worker started.
2026-06-13 13:57:00,021 INFO auto_tiktok_editor.telegram.multi Telegram bot worker started.
2026-06-13 13:57:00,022 INFO auto_tiktok_editor.telegram.multi Telegram bot worker started.
2026-06-13 13:57:06,941 INFO auto_tiktok_editor.telegram.multi Entered stage 'validating_session'.
2026-06-13 13:57:06,974 INFO auto_tiktok_editor.telegram.multi Session workspace created at D:\Tool_Reup\code\output\session_20260613_135706_89760e.
2026-06-13 13:57:06,974 INFO auto_tiktok_editor.telegram.multi Entered stage 'running'.
2026-06-13 13:57:06,976 INFO auto_tiktok_editor.telegram.multi Entered stage 'validating_input'.
2026-06-13 13:57:06,976 INFO auto_tiktok_editor.telegram.multi Entered stage 'downloading_source'.
2026-06-13 13:57:18,591 INFO auto_tiktok_editor.telegram.multi Entered stage 'normalizing_media'.
2026-06-13 13:57:44,775 INFO auto_tiktok_editor.telegram.multi Entered stage 'speed_processing'.
2026-06-13 13:57:53,707 INFO auto_tiktok_editor.telegram.multi Telegram auto cleanup: Da xoa 10 file media, don 2 thu muc rong, giai phong 47.5 MB. Co 6 file khong xoa duoc.
2026-06-13 13:57:54,129 INFO auto_tiktok_editor.telegram.multi Telegram auto cleanup: Da xoa 11 file media, giai phong 168.2 MB. Co 14 file khong xoa duoc.
2026-06-13 13:57:54,230 INFO auto_tiktok_editor.telegram.multi Telegram auto cleanup: Da xoa 10 file media, giai phong 120.0 MB. Co 8 file khong xoa duoc.
2026-06-13 13:58:02,558 INFO auto_tiktok_editor.telegram.multi Entered stage 'extracting_audio'.
2026-06-13 13:58:03,863 INFO auto_tiktok_editor.telegram.multi Entered stage 'detecting_scenes'.
2026-06-13 13:58:07,458 INFO auto_tiktok_editor.telegram.multi Entered stage 'planning_edit'.
2026-06-13 13:58:07,472 INFO auto_tiktok_editor.telegram.multi Entered stage 'preparing_product_image'.
2026-06-13 13:58:35,170 INFO auto_tiktok_editor.telegram.multi Entered stage 'rendering_final'.
2026-06-13 13:59:14,693 WARNING auto_tiktok_editor.telegram.multi PNG transparency will be flattened against a warm background in the split layout.
2026-06-13 13:59:16,414 WARNING auto_tiktok_editor.telegram.multi Source audio is already near clipping; limiter protection was applied.
2026-06-13 14:00:06,486 INFO auto_tiktok_editor.telegram.multi Entered stage 'exporting_artifacts'.
2026-06-13 14:00:06,486 INFO auto_tiktok_editor.telegram.multi Entered stage 'exporting_summary'.
2026-06-13 14:00:14,739 INFO auto_tiktok_editor.telegram.multi Telegram auto cleanup: Da xoa 28 file media, don 1 thu muc rong, giai phong 206.9 MB.
2026-06-13 14:10:38,200 INFO auto_tiktok_editor.telegram.multi Entered stage 'validating_session'.
2026-06-13 14:10:38,230 INFO auto_tiktok_editor.telegram.multi Session workspace created at D:\Tool_Reup\code\output\session_20260613_141038_58ed36.
2026-06-13 14:10:38,230 INFO auto_tiktok_editor.telegram.multi Entered stage 'running'.
2026-06-13 14:10:38,231 INFO auto_tiktok_editor.telegram.multi Entered stage 'validating_input'.
2026-06-13 14:10:38,231 INFO auto_tiktok_editor.telegram.multi Entered stage 'downloading_source'.
2026-06-13 14:10:48,965 INFO auto_tiktok_editor.telegram.multi Entered stage 'normalizing_media'.
2026-06-13 14:11:19,284 INFO auto_tiktok_editor.telegram.multi Entered stage 'speed_processing'.
2026-06-13 14:11:38,889 INFO auto_tiktok_editor.telegram.multi Entered stage 'extracting_audio'.
2026-06-13 14:11:40,513 INFO auto_tiktok_editor.telegram.multi Entered stage 'detecting_scenes'.
2026-06-13 14:11:45,930 INFO auto_tiktok_editor.telegram.multi Entered stage 'planning_edit'.
2026-06-13 14:11:45,932 INFO auto_tiktok_editor.telegram.multi Entered stage 'preparing_product_image'.
2026-06-13 14:12:08,428 INFO auto_tiktok_editor.telegram.multi Entered stage 'rendering_final'.
2026-06-13 14:12:58,046 WARNING auto_tiktok_editor.telegram.multi PNG transparency will be flattened against a warm background in the split layout.
2026-06-13 14:13:00,181 WARNING auto_tiktok_editor.telegram.multi Source audio is already near clipping; limiter protection was applied.
2026-06-13 14:14:13,567 INFO auto_tiktok_editor.telegram.multi Entered stage 'exporting_artifacts'.
2026-06-13 14:14:13,568 INFO auto_tiktok_editor.telegram.multi Entered stage 'exporting_summary'.
2026-06-13 18:28:53,159 INFO auto_tiktok_editor.telegram.multi Started Telegram bot 'linh_an_ngon'.
2026-06-13 18:28:53,159 INFO auto_tiktok_editor.telegram.multi Started Telegram bot 'an_vat_cung_tien'.
2026-06-13 18:28:53,160 INFO auto_tiktok_editor.telegram.multi Started Telegram bot 'my_me_an_vat'.
2026-06-13 18:28:53,160 INFO auto_tiktok_editor.telegram.multi Telegram bot worker started.
2026-06-13 18:28:53,160 INFO auto_tiktok_editor.telegram.multi Started Telegram bot 'tep_riu'.
2026-06-13 18:28:53,160 INFO auto_tiktok_editor.telegram.multi Telegram bot worker started.
2026-06-13 18:28:53,161 INFO auto_tiktok_editor.telegram.multi Telegram bot worker started.
2026-06-13 18:28:53,253 INFO auto_tiktok_editor.telegram.multi Telegram bot worker started.
2026-06-13 18:28:58,860 INFO auto_tiktok_editor.telegram.multi Entered stage 'validating_session'.
2026-06-13 18:28:58,901 INFO auto_tiktok_editor.telegram.multi Session workspace created at D:\Tool_Reup\code\output\session_20260613_182858_9adbbe.
2026-06-13 18:28:58,901 INFO auto_tiktok_editor.telegram.multi Entered stage 'running'.
2026-06-13 18:28:58,903 INFO auto_tiktok_editor.telegram.multi Entered stage 'validating_input'.
2026-06-13 18:28:58,903 INFO auto_tiktok_editor.telegram.multi Entered stage 'downloading_source'.
2026-06-13 18:28:59,180 INFO auto_tiktok_editor.telegram.multi Entered stage 'validating_session'.
2026-06-13 18:28:59,226 INFO auto_tiktok_editor.telegram.multi Session workspace created at D:\Tool_Reup\code\output\session_20260613_182859_0a675d.
2026-06-13 18:28:59,226 INFO auto_tiktok_editor.telegram.multi Entered stage 'running'.
2026-06-13 18:28:59,228 INFO auto_tiktok_editor.telegram.multi Entered stage 'validating_input'.
2026-06-13 18:28:59,228 INFO auto_tiktok_editor.telegram.multi Entered stage 'downloading_source'.
2026-06-13 18:29:00,522 ERROR auto_tiktok_editor.telegram.multi lazy-down could not obtain a playable TikTok video stream, and TikWM fallback also failed. Details: lazy-down: Command failed (1): lazy-down wrapper could not find dist\cli.js next to this script.; tikwm: TikWM API rejected the URL: Free Api Limit: 1 request/second.
2026-06-13 18:29:00,523 INFO auto_tiktok_editor.telegram.multi Entered stage 'exporting_summary'.
2026-06-13 18:29:01,233 INFO auto_tiktok_editor.telegram.multi Entered stage 'validating_session'.
2026-06-13 18:29:01,235 INFO auto_tiktok_editor.telegram.multi Session workspace created at D:\Tool_Reup\code\output\session_20260613_182901_404cd6.
2026-06-13 18:29:01,235 INFO auto_tiktok_editor.telegram.multi Entered stage 'running'.
2026-06-13 18:29:01,236 INFO auto_tiktok_editor.telegram.multi Entered stage 'validating_input'.
2026-06-13 18:29:01,236 INFO auto_tiktok_editor.telegram.multi Entered stage 'downloading_source'.
2026-06-13 18:29:01,712 INFO auto_tiktok_editor.telegram.multi Telegram auto cleanup: Da xoa 510 file media, don 38 thu muc rong, giai phong 3.1 GB.
2026-06-13 18:29:02,252 ERROR auto_tiktok_editor.telegram.multi lazy-down could not obtain a playable TikTok video stream, and TikWM fallback also failed. Details: lazy-down: Command failed (1): lazy-down wrapper could not find dist\cli.js next to this script.; tikwm: TikWM video download failed: [Errno 2] No such file or directory: 'D:\\Tool_Reup\\code\\output\\session_20260613_182858_9adbbe\\items\\item_001_chat_6547959450\\source\\source.mp4'
2026-06-13 18:29:02,253 INFO auto_tiktok_editor.telegram.multi Entered stage 'exporting_summary'.
2026-06-13 18:29:03,037 INFO auto_tiktok_editor.telegram.multi Entered stage 'validating_session'.
2026-06-13 18:29:03,042 INFO auto_tiktok_editor.telegram.multi Session workspace created at D:\Tool_Reup\code\output\session_20260613_182903_bf4396.
2026-06-13 18:29:03,042 INFO auto_tiktok_editor.telegram.multi Entered stage 'running'.
2026-06-13 18:29:03,043 INFO auto_tiktok_editor.telegram.multi Entered stage 'validating_input'.
2026-06-13 18:29:03,043 INFO auto_tiktok_editor.telegram.multi Entered stage 'downloading_source'.
2026-06-13 18:29:07,648 INFO auto_tiktok_editor.telegram.multi Entered stage 'normalizing_media'.
2026-06-13 18:29:07,916 INFO auto_tiktok_editor.telegram.multi Entered stage 'normalizing_media'.
2026-06-13 18:29:55,398 INFO auto_tiktok_editor.telegram.multi Entered stage 'speed_processing'.
2026-06-13 18:30:05,515 INFO auto_tiktok_editor.telegram.multi Entered stage 'speed_processing'.
2026-06-13 18:30:23,415 INFO auto_tiktok_editor.telegram.multi Entered stage 'extracting_audio'.
2026-06-13 18:30:26,581 INFO auto_tiktok_editor.telegram.multi Entered stage 'detecting_scenes'.
2026-06-13 18:30:33,083 INFO auto_tiktok_editor.telegram.multi Entered stage 'planning_edit'.
2026-06-13 18:30:33,306 INFO auto_tiktok_editor.telegram.multi Entered stage 'preparing_product_image'.
2026-06-13 18:30:37,012 INFO auto_tiktok_editor.telegram.multi Entered stage 'extracting_audio'.
2026-06-13 18:30:38,665 INFO auto_tiktok_editor.telegram.multi Entered stage 'detecting_scenes'.
2026-06-13 18:30:48,212 INFO auto_tiktok_editor.telegram.multi Entered stage 'planning_edit'.
2026-06-13 18:30:48,213 INFO auto_tiktok_editor.telegram.multi Entered stage 'preparing_product_image'.
2026-06-13 18:31:40,291 INFO auto_tiktok_editor.telegram.multi Entered stage 'rendering_final'.
2026-06-13 18:31:51,582 INFO auto_tiktok_editor.telegram.multi Entered stage 'rendering_final'.
2026-06-13 18:32:36,066 WARNING auto_tiktok_editor.telegram.multi PNG transparency will be flattened against a warm background in the split layout.
2026-06-13 18:32:38,907 WARNING auto_tiktok_editor.telegram.multi Source audio is already near clipping; limiter protection was applied.
2026-06-13 18:33:20,502 WARNING auto_tiktok_editor.telegram.multi PNG transparency will be flattened against a warm background in the split layout.
2026-06-13 18:33:25,219 WARNING auto_tiktok_editor.telegram.multi Source audio is already near clipping; limiter protection was applied.
2026-06-13 18:33:52,763 INFO auto_tiktok_editor.telegram.multi Entered stage 'exporting_artifacts'.
2026-06-13 18:33:52,764 INFO auto_tiktok_editor.telegram.multi Entered stage 'exporting_summary'.
2026-06-13 18:34:34,035 INFO auto_tiktok_editor.telegram.multi Entered stage 'exporting_artifacts'.
2026-06-13 18:34:34,035 INFO auto_tiktok_editor.telegram.multi Entered stage 'exporting_summary'.
2026-06-13 18:53:51,134 INFO auto_tiktok_editor.telegram.multi Entered stage 'validating_session'.
2026-06-13 18:53:51,165 INFO auto_tiktok_editor.telegram.multi Session workspace created at D:\Tool_Reup\code\output\session_20260613_185351_c5cf8d.
2026-06-13 18:53:51,165 INFO auto_tiktok_editor.telegram.multi Entered stage 'running'.
2026-06-13 18:53:51,167 INFO auto_tiktok_editor.telegram.multi Entered stage 'validating_input'.
2026-06-13 18:53:51,167 INFO auto_tiktok_editor.telegram.multi Entered stage 'downloading_source'.
2026-06-13 18:59:39,810 INFO auto_tiktok_editor.telegram.multi Entered stage 'normalizing_media'.
2026-06-13 18:59:53,187 INFO auto_tiktok_editor.telegram.multi Entered stage 'speed_processing'.
2026-06-13 19:00:01,668 INFO auto_tiktok_editor.telegram.multi Entered stage 'extracting_audio'.
2026-06-13 19:00:02,257 INFO auto_tiktok_editor.telegram.multi Entered stage 'detecting_scenes'.
2026-06-13 19:00:03,943 INFO auto_tiktok_editor.telegram.multi Entered stage 'planning_edit'.
2026-06-13 19:00:03,944 INFO auto_tiktok_editor.telegram.multi Entered stage 'preparing_product_image'.
2026-06-13 19:00:31,605 INFO auto_tiktok_editor.telegram.multi Entered stage 'rendering_final'.
2026-06-13 19:00:54,939 WARNING auto_tiktok_editor.telegram.multi PNG transparency will be flattened against a warm background in the split layout.
2026-06-13 19:01:22,989 INFO auto_tiktok_editor.telegram.multi Entered stage 'exporting_artifacts'.
2026-06-13 19:01:22,989 INFO auto_tiktok_editor.telegram.multi Entered stage 'exporting_summary'.
2026-06-13 19:01:24,897 INFO auto_tiktok_editor.telegram.multi Entered stage 'validating_session'.
2026-06-13 19:01:24,905 INFO auto_tiktok_editor.telegram.multi Session workspace created at D:\Tool_Reup\code\output\session_20260613_190124_2ea41b.
2026-06-13 19:01:24,905 INFO auto_tiktok_editor.telegram.multi Entered stage 'running'.
2026-06-13 19:01:24,906 INFO auto_tiktok_editor.telegram.multi Entered stage 'validating_input'.
2026-06-13 19:01:24,906 INFO auto_tiktok_editor.telegram.multi Entered stage 'downloading_source'.
2026-06-13 19:02:51,304 INFO auto_tiktok_editor.telegram.multi Telegram getUpdates skipped after transient polling error: Telegram API request failed for getUpdates after 1 attempts: The read operation timed out
2026-06-13 19:03:03,122 INFO auto_tiktok_editor.telegram.multi Telegram getUpdates skipped after transient polling error: Telegram API request failed for getUpdates after 1 attempts: The read operation timed out
2026-06-13 19:03:04,242 INFO auto_tiktok_editor.telegram.multi Telegram getUpdates skipped after transient polling error: Telegram API request failed for getUpdates after 1 attempts: The read operation timed out
2026-06-13 19:03:31,617 INFO auto_tiktok_editor.telegram.multi Telegram getUpdates skipped after transient polling error: Telegram API request failed for getUpdates after 1 attempts: <urlopen error _ssl.c:975: The handshake operation timed out>
2026-06-13 19:03:32,606 INFO auto_tiktok_editor.telegram.multi Telegram getUpdates skipped after transient polling error: Telegram API request failed for getUpdates after 1 attempts: <urlopen error _ssl.c:975: The handshake operation timed out>
2026-06-13 19:03:43,440 INFO auto_tiktok_editor.telegram.multi Telegram getUpdates skipped after transient polling error: Telegram API request failed for getUpdates after 1 attempts: <urlopen error _ssl.c:975: The handshake operation timed out>
2026-06-13 19:03:45,455 INFO auto_tiktok_editor.telegram.multi Telegram getUpdates skipped after transient polling error: Telegram API request failed for getUpdates after 1 attempts: <urlopen error _ssl.c:975: The handshake operation timed out>
2026-06-13 19:04:06,916 INFO auto_tiktok_editor.telegram.multi Telegram getUpdates skipped after transient polling error: Telegram API request failed for getUpdates after 1 attempts: <urlopen error [WinError 10054] An existing connection was forcibly closed by the remote host>
2026-06-13 19:04:11,972 INFO auto_tiktok_editor.telegram.multi Telegram getUpdates skipped after transient polling error: Telegram API request failed for getUpdates after 1 attempts: <urlopen error _ssl.c:975: The handshake operation timed out>
2026-06-13 19:04:12,915 INFO auto_tiktok_editor.telegram.multi Telegram getUpdates skipped after transient polling error: Telegram API request failed for getUpdates after 1 attempts: <urlopen error _ssl.c:975: The handshake operation timed out>
2026-06-13 19:04:33,034 INFO auto_tiktok_editor.telegram.multi Telegram getUpdates skipped after transient polling error: Telegram API request failed for getUpdates after 1 attempts: <urlopen error [WinError 10060] A connection attempt failed because the connected party did not properly respond after a period of time, or established connection failed because connected host has failed to respond>
2026-06-13 19:04:33,973 INFO auto_tiktok_editor.telegram.multi Telegram getUpdates skipped after transient polling error: Telegram API request failed for getUpdates after 1 attempts: <urlopen error [WinError 10060] A connection attempt failed because the connected party did not properly respond after a period of time, or established connection failed because connected host has failed to respond>
2026-06-13 19:06:39,935 INFO auto_tiktok_editor.telegram.multi Entered stage 'validating_session'.
2026-06-13 19:06:39,965 INFO auto_tiktok_editor.telegram.multi Session workspace created at D:\Tool_Reup\code\output\session_20260613_190639_4e15c4.
2026-06-13 19:06:39,965 INFO auto_tiktok_editor.telegram.multi Entered stage 'running'.
2026-06-13 19:06:39,967 INFO auto_tiktok_editor.telegram.multi Entered stage 'validating_input'.
2026-06-13 19:06:39,967 INFO auto_tiktok_editor.telegram.multi Entered stage 'downloading_source'.
2026-06-13 19:11:07,919 ERROR auto_tiktok_editor.telegram.multi lazy-down could not obtain a playable TikTok video stream, and TikWM fallback also failed. Details: lazy-down: Command failed (1): lazy-down wrapper could not find dist\cli.js next to this script.; tikwm: TikWM video download failed: The read operation timed out
2026-06-13 19:11:07,922 INFO auto_tiktok_editor.telegram.multi Entered stage 'exporting_summary'.
2026-06-13 19:11:08,686 INFO auto_tiktok_editor.telegram.multi Entered stage 'validating_session'.
2026-06-13 19:11:08,687 INFO auto_tiktok_editor.telegram.multi Session workspace created at D:\Tool_Reup\code\output\session_20260613_191108_69d27e.
2026-06-13 19:11:08,687 INFO auto_tiktok_editor.telegram.multi Entered stage 'running'.
2026-06-13 19:11:08,689 INFO auto_tiktok_editor.telegram.multi Entered stage 'validating_input'.
2026-06-13 19:11:08,689 INFO auto_tiktok_editor.telegram.multi Entered stage 'downloading_source'.
2026-06-13 19:11:39,459 ERROR auto_tiktok_editor.telegram.multi lazy-down could not obtain a playable TikTok video stream, and TikWM fallback also failed. Details: lazy-down: Command failed (1): lazy-down wrapper could not find dist\cli.js next to this script.; tikwm: TikWM video download failed: <urlopen error [WinError 10054] An existing connection was forcibly closed by the remote host>
2026-06-13 19:11:39,461 INFO auto_tiktok_editor.telegram.multi Entered stage 'exporting_summary'.
2026-06-13 19:11:40,206 INFO auto_tiktok_editor.telegram.multi Entered stage 'validating_session'.
2026-06-13 19:11:40,208 INFO auto_tiktok_editor.telegram.multi Session workspace created at D:\Tool_Reup\code\output\session_20260613_191140_4628b1.
2026-06-13 19:11:40,208 INFO auto_tiktok_editor.telegram.multi Entered stage 'running'.
2026-06-13 19:11:40,209 INFO auto_tiktok_editor.telegram.multi Entered stage 'validating_input'.
2026-06-13 19:11:40,210 INFO auto_tiktok_editor.telegram.multi Entered stage 'downloading_source'.
2026-06-13 19:15:02,707 INFO auto_tiktok_editor.telegram.multi Started Telegram bot 'linh_an_ngon'.
2026-06-13 19:15:02,707 INFO auto_tiktok_editor.telegram.multi Started Telegram bot 'an_vat_cung_tien'.
2026-06-13 19:15:02,708 INFO auto_tiktok_editor.telegram.multi Started Telegram bot 'my_me_an_vat'.
2026-06-13 19:15:02,708 INFO auto_tiktok_editor.telegram.multi Started Telegram bot 'tep_riu'.
2026-06-13 19:15:02,708 INFO auto_tiktok_editor.telegram.multi Telegram bot worker started.
2026-06-13 19:15:02,738 INFO auto_tiktok_editor.telegram.multi Telegram bot worker started.
2026-06-13 19:15:02,738 INFO auto_tiktok_editor.telegram.multi Telegram bot worker started.
2026-06-13 19:15:02,738 INFO auto_tiktok_editor.telegram.multi Telegram bot worker started.
2026-06-13 19:15:07,721 INFO auto_tiktok_editor.telegram.multi Entered stage 'validating_session'.
2026-06-13 19:15:07,753 INFO auto_tiktok_editor.telegram.multi Session workspace created at D:\Tool_Reup\code\output\session_20260613_191507_d92f46.
2026-06-13 19:15:07,753 INFO auto_tiktok_editor.telegram.multi Entered stage 'running'.
2026-06-13 19:15:07,755 INFO auto_tiktok_editor.telegram.multi Entered stage 'validating_input'.
2026-06-13 19:15:07,755 INFO auto_tiktok_editor.telegram.multi Entered stage 'downloading_source'.
2026-06-13 19:15:29,377 INFO auto_tiktok_editor.telegram.multi Entered stage 'validating_session'.
2026-06-13 19:15:29,407 INFO auto_tiktok_editor.telegram.multi Session workspace created at D:\Tool_Reup\code\output\session_20260613_191529_276ea9.
2026-06-13 19:15:29,407 INFO auto_tiktok_editor.telegram.multi Entered stage 'running'.
2026-06-13 19:15:29,408 INFO auto_tiktok_editor.telegram.multi Entered stage 'validating_input'.
2026-06-13 19:15:29,408 INFO auto_tiktok_editor.telegram.multi Entered stage 'downloading_source'.
2026-06-13 19:15:38,835 ERROR auto_tiktok_editor.telegram.multi lazy-down could not obtain a playable TikTok video stream, and TikWM fallback also failed. Details: lazy-down: Command failed (1): lazy-down wrapper could not find dist\cli.js next to this script.; tikwm: TikWM video download failed: [Errno 2] No such file or directory: 'D:\\Tool_Reup\\code\\output\\session_20260613_191529_276ea9\\items\\item_001_chat_6547959450\\source\\source.mp4'
2026-06-13 19:15:38,835 INFO auto_tiktok_editor.telegram.multi Entered stage 'exporting_summary'.
2026-06-13 19:15:38,892 INFO auto_tiktok_editor.telegram.multi Telegram auto cleanup: Da xoa 0 file media, don 4 thu muc rong. Co 22 file khong xoa duoc.
2026-06-13 19:15:38,901 INFO auto_tiktok_editor.telegram.multi Telegram auto cleanup: Da xoa 0 file media, don 24 thu muc rong. Co 1 file khong xoa duoc.
2026-06-13 19:15:39,574 INFO auto_tiktok_editor.telegram.multi Entered stage 'validating_session'.
2026-06-13 19:15:39,576 INFO auto_tiktok_editor.telegram.multi Session workspace created at D:\Tool_Reup\code\output\session_20260613_191539_9f6f64.
2026-06-13 19:15:39,576 INFO auto_tiktok_editor.telegram.multi Entered stage 'running'.
2026-06-13 19:15:39,577 INFO auto_tiktok_editor.telegram.multi Entered stage 'validating_input'.
2026-06-13 19:15:39,577 INFO auto_tiktok_editor.telegram.multi Entered stage 'downloading_source'.
2026-06-13 19:17:04,709 INFO auto_tiktok_editor.telegram.multi Entered stage 'normalizing_media'.
2026-06-13 19:17:21,818 INFO auto_tiktok_editor.telegram.multi Entered stage 'speed_processing'.
2026-06-13 19:17:34,820 INFO auto_tiktok_editor.telegram.multi Entered stage 'extracting_audio'.
2026-06-13 19:17:35,871 INFO auto_tiktok_editor.telegram.multi Entered stage 'detecting_scenes'.
2026-06-13 19:17:38,569 INFO auto_tiktok_editor.telegram.multi Entered stage 'planning_edit'.
2026-06-13 19:17:38,570 INFO auto_tiktok_editor.telegram.multi Entered stage 'preparing_product_image'.
2026-06-13 19:18:03,793 INFO auto_tiktok_editor.telegram.multi Entered stage 'rendering_final'.
2026-06-13 19:18:33,281 INFO auto_tiktok_editor.telegram.multi Entered stage 'normalizing_media'.
2026-06-13 19:18:46,122 WARNING auto_tiktok_editor.telegram.multi PNG transparency will be flattened against a warm background in the split layout.
2026-06-13 19:18:53,666 INFO auto_tiktok_editor.telegram.multi Entered stage 'speed_processing'.
2026-06-13 19:19:12,803 INFO auto_tiktok_editor.telegram.multi Entered stage 'extracting_audio'.
2026-06-13 19:19:14,221 INFO auto_tiktok_editor.telegram.multi Entered stage 'detecting_scenes'.
2026-06-13 19:19:18,355 INFO auto_tiktok_editor.telegram.multi Entered stage 'planning_edit'.
2026-06-13 19:19:18,355 INFO auto_tiktok_editor.telegram.multi Entered stage 'preparing_product_image'.
2026-06-13 19:19:57,598 INFO auto_tiktok_editor.telegram.multi Entered stage 'exporting_artifacts'.
2026-06-13 19:19:57,599 INFO auto_tiktok_editor.telegram.multi Entered stage 'exporting_summary'.
2026-06-13 19:19:59,139 INFO auto_tiktok_editor.telegram.multi Entered stage 'validating_session'.
2026-06-13 19:19:59,148 INFO auto_tiktok_editor.telegram.multi Session workspace created at D:\Tool_Reup\code\output\session_20260613_191959_005bdb.
2026-06-13 19:19:59,148 INFO auto_tiktok_editor.telegram.multi Entered stage 'running'.
2026-06-13 19:19:59,150 INFO auto_tiktok_editor.telegram.multi Entered stage 'validating_input'.
2026-06-13 19:19:59,150 INFO auto_tiktok_editor.telegram.multi Entered stage 'downloading_source'.
2026-06-13 19:19:59,288 INFO auto_tiktok_editor.telegram.multi Entered stage 'rendering_final'.
2026-06-13 19:20:20,555 WARNING auto_tiktok_editor.telegram.multi PNG transparency will be flattened against a warm background in the split layout.
2026-06-13 19:20:44,373 INFO auto_tiktok_editor.telegram.multi Entered stage 'normalizing_media'.
2026-06-13 19:20:52,777 INFO auto_tiktok_editor.telegram.multi Entered stage 'exporting_artifacts'.
2026-06-13 19:20:52,781 INFO auto_tiktok_editor.telegram.multi Entered stage 'exporting_summary'.
2026-06-13 19:20:54,224 INFO auto_tiktok_editor.telegram.multi Entered stage 'validating_session'.
2026-06-13 19:20:54,241 INFO auto_tiktok_editor.telegram.multi Session workspace created at D:\Tool_Reup\code\output\session_20260613_192054_03fcc7.
2026-06-13 19:20:54,241 INFO auto_tiktok_editor.telegram.multi Entered stage 'running'.
2026-06-13 19:20:54,261 INFO auto_tiktok_editor.telegram.multi Entered stage 'validating_input'.
2026-06-13 19:20:54,262 INFO auto_tiktok_editor.telegram.multi Entered stage 'downloading_source'.
2026-06-13 19:21:07,010 INFO auto_tiktok_editor.telegram.multi Entered stage 'speed_processing'.
2026-06-13 19:21:19,883 INFO auto_tiktok_editor.telegram.multi Entered stage 'extracting_audio'.
2026-06-13 19:21:20,735 INFO auto_tiktok_editor.telegram.multi Entered stage 'detecting_scenes'.
2026-06-13 19:21:22,977 INFO auto_tiktok_editor.telegram.multi Entered stage 'planning_edit'.
2026-06-13 19:21:22,977 INFO auto_tiktok_editor.telegram.multi Entered stage 'preparing_product_image'.
2026-06-13 19:21:31,466 INFO auto_tiktok_editor.telegram.multi Entered stage 'normalizing_media'.
2026-06-13 19:21:56,792 INFO auto_tiktok_editor.telegram.multi Entered stage 'speed_processing'.
2026-06-13 19:21:57,801 INFO auto_tiktok_editor.telegram.multi Entered stage 'rendering_final'.
2026-06-13 19:22:11,120 INFO auto_tiktok_editor.telegram.multi Entered stage 'extracting_audio'.
2026-06-13 19:22:12,078 INFO auto_tiktok_editor.telegram.multi Entered stage 'detecting_scenes'.
2026-06-13 19:22:14,829 INFO auto_tiktok_editor.telegram.multi Entered stage 'planning_edit'.
2026-06-13 19:22:14,830 INFO auto_tiktok_editor.telegram.multi Entered stage 'preparing_product_image'.
2026-06-13 19:22:49,262 WARNING auto_tiktok_editor.telegram.multi PNG transparency will be flattened against a warm background in the split layout.
2026-06-13 19:22:51,107 WARNING auto_tiktok_editor.telegram.multi Source audio is already near clipping; limiter protection was applied.
2026-06-13 19:22:51,155 INFO auto_tiktok_editor.telegram.multi Entered stage 'rendering_final'.
2026-06-13 19:23:35,706 INFO auto_tiktok_editor.telegram.multi Entered stage 'exporting_artifacts'.
2026-06-13 19:23:35,706 INFO auto_tiktok_editor.telegram.multi Entered stage 'exporting_summary'.
2026-06-13 19:23:44,440 WARNING auto_tiktok_editor.telegram.multi PNG transparency will be flattened against a warm background in the split layout.
2026-06-13 19:24:14,271 INFO auto_tiktok_editor.telegram.multi Entered stage 'exporting_artifacts'.
2026-06-13 19:24:14,272 INFO auto_tiktok_editor.telegram.multi Entered stage 'exporting_summary'.
2026-06-13 19:24:16,119 INFO auto_tiktok_editor.telegram.multi Entered stage 'validating_session'.
2026-06-13 19:24:16,126 INFO auto_tiktok_editor.telegram.multi Session workspace created at D:\Tool_Reup\code\output\session_20260613_192416_2fbc58.
2026-06-13 19:24:16,126 INFO auto_tiktok_editor.telegram.multi Entered stage 'running'.
2026-06-13 19:24:16,128 INFO auto_tiktok_editor.telegram.multi Entered stage 'validating_input'.
2026-06-13 19:24:16,128 INFO auto_tiktok_editor.telegram.multi Entered stage 'downloading_source'.
2026-06-13 19:25:22,268 INFO auto_tiktok_editor.telegram.multi Entered stage 'normalizing_media'.
2026-06-13 19:25:39,178 INFO auto_tiktok_editor.telegram.multi Entered stage 'speed_processing'.
2026-06-13 19:25:51,635 INFO auto_tiktok_editor.telegram.multi Entered stage 'extracting_audio'.
2026-06-13 19:25:52,609 INFO auto_tiktok_editor.telegram.multi Entered stage 'detecting_scenes'.
2026-06-13 19:25:55,508 INFO auto_tiktok_editor.telegram.multi Entered stage 'planning_edit'.
2026-06-13 19:25:55,508 INFO auto_tiktok_editor.telegram.multi Entered stage 'preparing_product_image'.
2026-06-13 19:26:19,480 INFO auto_tiktok_editor.telegram.multi Entered stage 'rendering_final'.
2026-06-13 19:26:51,007 WARNING auto_tiktok_editor.telegram.multi PNG transparency will be flattened against a warm background in the split layout.
2026-06-13 19:27:30,182 INFO auto_tiktok_editor.telegram.multi Entered stage 'exporting_artifacts'.
2026-06-13 19:27:30,182 INFO auto_tiktok_editor.telegram.multi Entered stage 'exporting_summary'.
2026-06-13 19:27:32,107 INFO auto_tiktok_editor.telegram.multi Entered stage 'validating_session'.
2026-06-13 19:27:32,116 INFO auto_tiktok_editor.telegram.multi Session workspace created at D:\Tool_Reup\code\output\session_20260613_192732_395014.
2026-06-13 19:27:32,116 INFO auto_tiktok_editor.telegram.multi Entered stage 'running'.
2026-06-13 19:27:32,117 INFO auto_tiktok_editor.telegram.multi Entered stage 'validating_input'.
2026-06-13 19:27:32,117 INFO auto_tiktok_editor.telegram.multi Entered stage 'downloading_source'.
2026-06-13 19:27:59,750 INFO auto_tiktok_editor.telegram.multi Entered stage 'normalizing_media'.
2026-06-13 19:28:13,807 INFO auto_tiktok_editor.telegram.multi Entered stage 'speed_processing'.
2026-06-13 19:28:23,947 INFO auto_tiktok_editor.telegram.multi Entered stage 'extracting_audio'.
2026-06-13 19:28:24,797 INFO auto_tiktok_editor.telegram.multi Entered stage 'detecting_scenes'.
2026-06-13 19:28:26,692 INFO auto_tiktok_editor.telegram.multi Entered stage 'planning_edit'.
2026-06-13 19:28:26,760 WARNING auto_tiktok_editor.telegram.multi Scene count is too low for a perfect shuffle; some chunks may still remain close to their source neighbors.
2026-06-13 19:28:26,760 INFO auto_tiktok_editor.telegram.multi Entered stage 'preparing_product_image'.
2026-06-13 19:28:52,125 INFO auto_tiktok_editor.telegram.multi Entered stage 'rendering_final'.
2026-06-13 19:29:15,571 WARNING auto_tiktok_editor.telegram.multi PNG transparency will be flattened against a warm background in the split layout.
2026-06-13 19:29:49,411 INFO auto_tiktok_editor.telegram.multi Entered stage 'exporting_artifacts'.
2026-06-13 19:29:49,412 INFO auto_tiktok_editor.telegram.multi Entered stage 'exporting_summary'.
2026-06-13 20:00:04,818 INFO auto_tiktok_editor.telegram.multi Telegram getUpdates skipped after transient polling error: Telegram API request failed for getUpdates after 1 attempts: <urlopen error _ssl.c:975: The handshake operation timed out>
2026-06-13 20:00:04,880 INFO auto_tiktok_editor.telegram.multi Telegram getUpdates skipped after transient polling error: Telegram API request failed for getUpdates after 1 attempts: Remote end closed connection without response
2026-06-13 20:24:30,346 INFO auto_tiktok_editor.telegram.multi Telegram getUpdates skipped after transient polling error: Telegram API request failed for getUpdates after 1 attempts: The read operation timed out
2026-06-13 20:24:30,347 INFO auto_tiktok_editor.telegram.multi Telegram getUpdates skipped after transient polling error: Telegram API request failed for getUpdates after 1 attempts: The read operation timed out
2026-06-13 20:24:30,347 INFO auto_tiktok_editor.telegram.multi Telegram getUpdates skipped after transient polling error: Telegram API request failed for getUpdates after 1 attempts: The read operation timed out
2026-06-13 21:11:19,584 INFO auto_tiktok_editor.telegram.multi Telegram getUpdates skipped after transient polling error: Telegram API request failed for getUpdates after 1 attempts: Remote end closed connection without response
2026-06-13 21:11:19,584 INFO auto_tiktok_editor.telegram.multi Telegram getUpdates skipped after transient polling error: Telegram API request failed for getUpdates after 1 attempts: Remote end closed connection without response
2026-06-13 21:11:19,584 INFO auto_tiktok_editor.telegram.multi Telegram getUpdates skipped after transient polling error: Telegram API request failed for getUpdates after 1 attempts: Remote end closed connection without response
2026-06-13 21:11:19,887 INFO auto_tiktok_editor.telegram.multi Telegram getUpdates skipped after transient polling error: Telegram API request failed for getUpdates after 1 attempts: <urlopen error [Errno 11001] getaddrinfo failed>
2026-06-13 21:11:19,887 INFO auto_tiktok_editor.telegram.multi Telegram getUpdates skipped after transient polling error: Telegram API request failed for getUpdates after 1 attempts: Remote end closed connection without response
2026-06-13 21:11:19,888 INFO auto_tiktok_editor.telegram.multi Telegram getUpdates skipped after transient polling error: Telegram API request failed for getUpdates after 1 attempts: <urlopen error [Errno 11001] getaddrinfo failed>
2026-06-13 21:11:19,888 INFO auto_tiktok_editor.telegram.multi Telegram getUpdates skipped after transient polling error: Telegram API request failed for getUpdates after 1 attempts: <urlopen error [Errno 11001] getaddrinfo failed>
2026-06-13 21:11:20,028 INFO auto_tiktok_editor.telegram.multi Telegram getUpdates skipped after transient polling error: Telegram API request failed for getUpdates after 1 attempts: <urlopen error [Errno 11001] getaddrinfo failed>
2026-06-13 21:11:20,103 INFO auto_tiktok_editor.telegram.multi Telegram getUpdates skipped after transient polling error: Telegram API request failed for getUpdates after 1 attempts: <urlopen error [Errno 11001] getaddrinfo failed>
2026-06-13 21:11:20,129 INFO auto_tiktok_editor.telegram.multi Telegram getUpdates skipped after transient polling error: Telegram API request failed for getUpdates after 1 attempts: <urlopen error [Errno 11001] getaddrinfo failed>
2026-06-13 21:11:20,129 INFO auto_tiktok_editor.telegram.multi Telegram getUpdates skipped after transient polling error: Telegram API request failed for getUpdates after 1 attempts: <urlopen error [Errno 11001] getaddrinfo failed>
2026-06-13 21:11:20,149 INFO auto_tiktok_editor.telegram.multi Telegram getUpdates skipped after transient polling error: Telegram API request failed for getUpdates after 1 attempts: <urlopen error [Errno 11001] getaddrinfo failed>
2026-06-13 21:11:20,200 INFO auto_tiktok_editor.telegram.multi Telegram getUpdates skipped after transient polling error: Telegram API request failed for getUpdates after 1 attempts: <urlopen error [Errno 11001] getaddrinfo failed>
2026-06-13 21:11:20,269 INFO auto_tiktok_editor.telegram.multi Telegram getUpdates skipped after transient polling error: Telegram API request failed for getUpdates after 1 attempts: <urlopen error [Errno 11001] getaddrinfo failed>
2026-06-13 21:11:20,327 INFO auto_tiktok_editor.telegram.multi Telegram getUpdates skipped after transient polling error: Telegram API request failed for getUpdates after 1 attempts: <urlopen error [Errno 11001] getaddrinfo failed>
2026-06-13 21:11:20,361 INFO auto_tiktok_editor.telegram.multi Telegram getUpdates skipped after transient polling error: Telegram API request failed for getUpdates after 1 attempts: <urlopen error [Errno 11001] getaddrinfo failed>
2026-06-13 21:11:20,373 INFO auto_tiktok_editor.telegram.multi Telegram getUpdates skipped after transient polling error: Telegram API request failed for getUpdates after 1 attempts: <urlopen error [Errno 11001] getaddrinfo failed>
2026-06-13 21:11:20,403 INFO auto_tiktok_editor.telegram.multi Telegram getUpdates skipped after transient polling error: Telegram API request failed for getUpdates after 1 attempts: <urlopen error [Errno 11001] getaddrinfo failed>
2026-06-13 21:11:20,448 INFO auto_tiktok_editor.telegram.multi Telegram getUpdates skipped after transient polling error: Telegram API request failed for getUpdates after 1 attempts: <urlopen error [Errno 11001] getaddrinfo failed>
2026-06-13 21:11:20,459 INFO auto_tiktok_editor.telegram.multi Telegram getUpdates skipped after transient polling error: Telegram API request failed for getUpdates after 1 attempts: <urlopen error [Errno 11001] getaddrinfo failed>
2026-06-13 21:11:20,503 INFO auto_tiktok_editor.telegram.multi Telegram getUpdates skipped after transient polling error: Telegram API request failed for getUpdates after 1 attempts: <urlopen error [Errno 11001] getaddrinfo failed>
2026-06-13 21:11:20,504 INFO auto_tiktok_editor.telegram.multi Telegram getUpdates skipped after transient polling error: Telegram API request failed for getUpdates after 1 attempts: <urlopen error [Errno 11001] getaddrinfo failed>
2026-06-13 21:11:20,555 INFO auto_tiktok_editor.telegram.multi Telegram getUpdates skipped after transient polling error: Telegram API request failed for getUpdates after 1 attempts: <urlopen error [Errno 11001] getaddrinfo failed>
2026-06-13 21:11:20,618 INFO auto_tiktok_editor.telegram.multi Telegram getUpdates skipped after transient polling error: Telegram API request failed for getUpdates after 1 attempts: <urlopen error [Errno 11001] getaddrinfo failed>
2026-06-13 21:11:20,630 INFO auto_tiktok_editor.telegram.multi Telegram getUpdates skipped after transient polling error: Telegram API request failed for getUpdates after 1 attempts: <urlopen error [Errno 11001] getaddrinfo failed>
2026-06-13 21:11:20,657 INFO auto_tiktok_editor.telegram.multi Telegram getUpdates skipped after transient polling error: Telegram API request failed for getUpdates after 1 attempts: <urlopen error [Errno 11001] getaddrinfo failed>
2026-06-13 21:11:20,683 INFO auto_tiktok_editor.telegram.multi Telegram getUpdates skipped after transient polling error: Telegram API request failed for getUpdates after 1 attempts: <urlopen error [Errno 11001] getaddrinfo failed>
2026-06-13 21:11:20,728 INFO auto_tiktok_editor.telegram.multi Telegram getUpdates skipped after transient polling error: Telegram API request failed for getUpdates after 1 attempts: <urlopen error [Errno 11001] getaddrinfo failed>
2026-06-13 21:11:20,781 INFO auto_tiktok_editor.telegram.multi Telegram getUpdates skipped after transient polling error: Telegram API request failed for getUpdates after 1 attempts: <urlopen error [Errno 11001] getaddrinfo failed>
2026-06-13 21:11:20,781 INFO auto_tiktok_editor.telegram.multi Telegram getUpdates skipped after transient polling error: Telegram API request failed for getUpdates after 1 attempts: <urlopen error [Errno 11001] getaddrinfo failed>
2026-06-13 21:11:20,802 INFO auto_tiktok_editor.telegram.multi Telegram getUpdates skipped after transient polling error: Telegram API request failed for getUpdates after 1 attempts: <urlopen error [Errno 11001] getaddrinfo failed>
2026-06-13 21:11:20,832 INFO auto_tiktok_editor.telegram.multi Telegram getUpdates skipped after transient polling error: Telegram API request failed for getUpdates after 1 attempts: <urlopen error [Errno 11001] getaddrinfo failed>
2026-06-13 21:11:20,871 INFO auto_tiktok_editor.telegram.multi Telegram getUpdates skipped after transient polling error: Telegram API request failed for getUpdates after 1 attempts: <urlopen error [Errno 11001] getaddrinfo failed>
2026-06-13 21:11:20,946 INFO auto_tiktok_editor.telegram.multi Telegram getUpdates skipped after transient polling error: Telegram API request failed for getUpdates after 1 attempts: <urlopen error [Errno 11001] getaddrinfo failed>
2026-06-13 21:11:20,974 INFO auto_tiktok_editor.telegram.multi Telegram getUpdates skipped after transient polling error: Telegram API request failed for getUpdates after 1 attempts: <urlopen error [Errno 11001] getaddrinfo failed>
2026-06-13 21:11:20,974 INFO auto_tiktok_editor.telegram.multi Telegram getUpdates skipped after transient polling error: Telegram API request failed for getUpdates after 1 attempts: <urlopen error [Errno 11001] getaddrinfo failed>
2026-06-13 21:11:20,992 INFO auto_tiktok_editor.telegram.multi Telegram getUpdates skipped after transient polling error: Telegram API request failed for getUpdates after 1 attempts: <urlopen error [Errno 11001] getaddrinfo failed>
2026-06-13 21:11:21,019 INFO auto_tiktok_editor.telegram.multi Telegram getUpdates skipped after transient polling error: Telegram API request failed for getUpdates after 1 attempts: <urlopen error [Errno 11001] getaddrinfo failed>
2026-06-13 21:11:21,125 INFO auto_tiktok_editor.telegram.multi Telegram getUpdates skipped after transient polling error: Telegram API request failed for getUpdates after 1 attempts: <urlopen error [Errno 11001] getaddrinfo failed>
2026-06-13 21:11:21,140 INFO auto_tiktok_editor.telegram.multi Telegram getUpdates skipped after transient polling error: Telegram API request failed for getUpdates after 1 attempts: <urlopen error [Errno 11001] getaddrinfo failed>
2026-06-13 21:11:21,140 INFO auto_tiktok_editor.telegram.multi Telegram getUpdates skipped after transient polling error: Telegram API request failed for getUpdates after 1 attempts: <urlopen error [Errno 11001] getaddrinfo failed>
2026-06-13 21:11:21,198 INFO auto_tiktok_editor.telegram.multi Telegram getUpdates skipped after transient polling error: Telegram API request failed for getUpdates after 1 attempts: <urlopen error [Errno 11001] getaddrinfo failed>
2026-06-13 21:11:21,272 INFO auto_tiktok_editor.telegram.multi Telegram getUpdates skipped after transient polling error: Telegram API request failed for getUpdates after 1 attempts: <urlopen error [Errno 11001] getaddrinfo failed>
2026-06-13 21:11:21,284 INFO auto_tiktok_editor.telegram.multi Telegram getUpdates skipped after transient polling error: Telegram API request failed for getUpdates after 1 attempts: <urlopen error [Errno 11001] getaddrinfo failed>
2026-06-13 21:11:21,284 INFO auto_tiktok_editor.telegram.multi Telegram getUpdates skipped after transient polling error: Telegram API request failed for getUpdates after 1 attempts: <urlopen error [Errno 11001] getaddrinfo failed>
2026-06-13 21:11:21,284 INFO auto_tiktok_editor.telegram.multi Telegram getUpdates skipped after transient polling error: Telegram API request failed for getUpdates after 1 attempts: <urlopen error [Errno 11001] getaddrinfo failed>
2026-06-13 21:11:21,359 INFO auto_tiktok_editor.telegram.multi Telegram getUpdates skipped after transient polling error: Telegram API request failed for getUpdates after 1 attempts: <urlopen error [Errno 11001] getaddrinfo failed>
2026-06-13 21:11:21,443 INFO auto_tiktok_editor.telegram.multi Telegram getUpdates skipped after transient polling error: Telegram API request failed for getUpdates after 1 attempts: <urlopen error [Errno 11001] getaddrinfo failed>
2026-06-13 21:11:21,524 INFO auto_tiktok_editor.telegram.multi Telegram getUpdates skipped after transient polling error: Telegram API request failed for getUpdates after 1 attempts: <urlopen error [Errno 11001] getaddrinfo failed>
2026-06-13 21:11:21,524 INFO auto_tiktok_editor.telegram.multi Telegram getUpdates skipped after transient polling error: Telegram API request failed for getUpdates after 1 attempts: <urlopen error [Errno 11001] getaddrinfo failed>
2026-06-13 21:11:21,536 INFO auto_tiktok_editor.telegram.multi Telegram getUpdates skipped after transient polling error: Telegram API request failed for getUpdates after 1 attempts: <urlopen error [Errno 11001] getaddrinfo failed>
2026-06-13 21:11:21,620 INFO auto_tiktok_editor.telegram.multi Telegram getUpdates skipped after transient polling error: Telegram API request failed for getUpdates after 1 attempts: <urlopen error [Errno 11001] getaddrinfo failed>
2026-06-13 21:11:21,621 INFO auto_tiktok_editor.telegram.multi Telegram getUpdates skipped after transient polling error: Telegram API request failed for getUpdates after 1 attempts: <urlopen error [Errno 11001] getaddrinfo failed>
2026-06-13 21:11:21,666 INFO auto_tiktok_editor.telegram.multi Telegram getUpdates skipped after transient polling error: Telegram API request failed for getUpdates after 1 attempts: <urlopen error [Errno 11001] getaddrinfo failed>
2026-06-13 21:11:21,724 INFO auto_tiktok_editor.telegram.multi Telegram getUpdates skipped after transient polling error: Telegram API request failed for getUpdates after 1 attempts: <urlopen error [Errno 11001] getaddrinfo failed>
2026-06-13 21:11:21,724 INFO auto_tiktok_editor.telegram.multi Telegram getUpdates skipped after transient polling error: Telegram API request failed for getUpdates after 1 attempts: <urlopen error [Errno 11001] getaddrinfo failed>
2026-06-13 21:11:21,725 INFO auto_tiktok_editor.telegram.multi Telegram getUpdates skipped after transient polling error: Telegram API request failed for getUpdates after 1 attempts: <urlopen error [Errno 11001] getaddrinfo failed>
2026-06-13 21:11:21,817 INFO auto_tiktok_editor.telegram.multi Telegram getUpdates skipped after transient polling error: Telegram API request failed for getUpdates after 1 attempts: <urlopen error [Errno 11001] getaddrinfo failed>
2026-06-13 21:11:21,834 INFO auto_tiktok_editor.telegram.multi Telegram getUpdates skipped after transient polling error: Telegram API request failed for getUpdates after 1 attempts: <urlopen error [Errno 11001] getaddrinfo failed>
2026-06-13 21:11:21,959 INFO auto_tiktok_editor.telegram.multi Telegram getUpdates skipped after transient polling error: Telegram API request failed for getUpdates after 1 attempts: <urlopen error [Errno 11001] getaddrinfo failed>
2026-06-13 21:11:21,970 INFO auto_tiktok_editor.telegram.multi Telegram getUpdates skipped after transient polling error: Telegram API request failed for getUpdates after 1 attempts: <urlopen error [Errno 11001] getaddrinfo failed>
2026-06-13 21:11:21,971 INFO auto_tiktok_editor.telegram.multi Telegram getUpdates skipped after transient polling error: Telegram API request failed for getUpdates after 1 attempts: <urlopen error [Errno 11001] getaddrinfo failed>
2026-06-13 21:11:21,971 INFO auto_tiktok_editor.telegram.multi Telegram getUpdates skipped after transient polling error: Telegram API request failed for getUpdates after 1 attempts: <urlopen error [Errno 11001] getaddrinfo failed>
2026-06-13 21:11:22,079 INFO auto_tiktok_editor.telegram.multi Telegram getUpdates skipped after transient polling error: Telegram API request failed for getUpdates after 1 attempts: <urlopen error [Errno 11001] getaddrinfo failed>
2026-06-13 21:11:22,093 INFO auto_tiktok_editor.telegram.multi Telegram getUpdates skipped after transient polling error: Telegram API request failed for getUpdates after 1 attempts: <urlopen error [Errno 11001] getaddrinfo failed>
2026-06-13 21:11:22,148 INFO auto_tiktok_editor.telegram.multi Telegram getUpdates skipped after transient polling error: Telegram API request failed for getUpdates after 1 attempts: <urlopen error [Errno 11001] getaddrinfo failed>
2026-06-13 21:11:22,173 INFO auto_tiktok_editor.telegram.multi Telegram getUpdates skipped after transient polling error: Telegram API request failed for getUpdates after 1 attempts: <urlopen error [Errno 11001] getaddrinfo failed>
2026-06-13 21:11:22,202 INFO auto_tiktok_editor.telegram.multi Telegram getUpdates skipped after transient polling error: Telegram API request failed for getUpdates after 1 attempts: <urlopen error [Errno 11001] getaddrinfo failed>
2026-06-13 21:11:22,202 INFO auto_tiktok_editor.telegram.multi Telegram getUpdates skipped after transient polling error: Telegram API request failed for getUpdates after 1 attempts: <urlopen error [Errno 11001] getaddrinfo failed>
2026-06-13 21:11:22,220 INFO auto_tiktok_editor.telegram.multi Telegram getUpdates skipped after transient polling error: Telegram API request failed for getUpdates after 1 attempts: <urlopen error [Errno 11001] getaddrinfo failed>
2026-06-13 21:11:22,262 INFO auto_tiktok_editor.telegram.multi Telegram getUpdates skipped after transient polling error: Telegram API request failed for getUpdates after 1 attempts: <urlopen error [Errno 11001] getaddrinfo failed>
2026-06-13 21:11:22,370 INFO auto_tiktok_editor.telegram.multi Telegram getUpdates skipped after transient polling error: Telegram API request failed for getUpdates after 1 attempts: <urlopen error [Errno 11001] getaddrinfo failed>
2026-06-13 21:11:22,370 INFO auto_tiktok_editor.telegram.multi Telegram getUpdates skipped after transient polling error: Telegram API request failed for getUpdates after 1 attempts: <urlopen error [Errno 11001] getaddrinfo failed>
2026-06-13 21:11:22,370 INFO auto_tiktok_editor.telegram.multi Telegram getUpdates skipped after transient polling error: Telegram API request failed for getUpdates after 1 attempts: <urlopen error [Errno 11001] getaddrinfo failed>
2026-06-13 21:11:22,370 INFO auto_tiktok_editor.telegram.multi Telegram getUpdates skipped after transient polling error: Telegram API request failed for getUpdates after 1 attempts: <urlopen error [Errno 11001] getaddrinfo failed>
2026-06-13 21:11:22,449 INFO auto_tiktok_editor.telegram.multi Telegram getUpdates skipped after transient polling error: Telegram API request failed for getUpdates after 1 attempts: <urlopen error [Errno 11001] getaddrinfo failed>
2026-06-13 21:11:22,477 INFO auto_tiktok_editor.telegram.multi Telegram getUpdates skipped after transient polling error: Telegram API request failed for getUpdates after 1 attempts: <urlopen error [Errno 11001] getaddrinfo failed>
2026-06-13 21:11:22,488 INFO auto_tiktok_editor.telegram.multi Telegram getUpdates skipped after transient polling error: Telegram API request failed for getUpdates after 1 attempts: <urlopen error [Errno 11001] getaddrinfo failed>
2026-06-13 21:11:22,517 INFO auto_tiktok_editor.telegram.multi Telegram getUpdates skipped after transient polling error: Telegram API request failed for getUpdates after 1 attempts: <urlopen error [Errno 11001] getaddrinfo failed>
2026-06-13 21:11:22,562 INFO auto_tiktok_editor.telegram.multi Telegram getUpdates skipped after transient polling error: Telegram API request failed for getUpdates after 1 attempts: <urlopen error [Errno 11001] getaddrinfo failed>
2026-06-13 21:11:22,607 INFO auto_tiktok_editor.telegram.multi Telegram getUpdates skipped after transient polling error: Telegram API request failed for getUpdates after 1 attempts: <urlopen error [Errno 11001] getaddrinfo failed>
2026-06-13 21:11:22,637 INFO auto_tiktok_editor.telegram.multi Telegram getUpdates skipped after transient polling error: Telegram API request failed for getUpdates after 1 attempts: <urlopen error [Errno 11001] getaddrinfo failed>
2026-06-13 21:11:22,649 INFO auto_tiktok_editor.telegram.multi Telegram getUpdates skipped after transient polling error: Telegram API request failed for getUpdates after 1 attempts: <urlopen error [Errno 11001] getaddrinfo failed>
2026-06-13 21:11:22,702 INFO auto_tiktok_editor.telegram.multi Telegram getUpdates skipped after transient polling error: Telegram API request failed for getUpdates after 1 attempts: <urlopen error [Errno 11001] getaddrinfo failed>
2026-06-13 21:11:22,702 INFO auto_tiktok_editor.telegram.multi Telegram getUpdates skipped after transient polling error: Telegram API request failed for getUpdates after 1 attempts: <urlopen error [Errno 11001] getaddrinfo failed>
2026-06-13 21:11:22,729 INFO auto_tiktok_editor.telegram.multi Telegram getUpdates skipped after transient polling error: Telegram API request failed for getUpdates after 1 attempts: <urlopen error [Errno 11001] getaddrinfo failed>
2026-06-13 21:11:22,758 INFO auto_tiktok_editor.telegram.multi Telegram getUpdates skipped after transient polling error: Telegram API request failed for getUpdates after 1 attempts: <urlopen error [Errno 11001] getaddrinfo failed>
2026-06-13 21:11:22,792 INFO auto_tiktok_editor.telegram.multi Telegram getUpdates skipped after transient polling error: Telegram API request failed for getUpdates after 1 attempts: <urlopen error [Errno 11001] getaddrinfo failed>
2026-06-13 21:11:22,820 INFO auto_tiktok_editor.telegram.multi Telegram getUpdates skipped after transient polling error: Telegram API request failed for getUpdates after 1 attempts: <urlopen error [Errno 11001] getaddrinfo failed>
2026-06-13 21:11:22,852 INFO auto_tiktok_editor.telegram.multi Telegram getUpdates skipped after transient polling error: Telegram API request failed for getUpdates after 1 attempts: <urlopen error [Errno 11001] getaddrinfo failed>
2026-06-13 21:11:22,892 INFO auto_tiktok_editor.telegram.multi Telegram getUpdates skipped after transient polling error: Telegram API request failed for getUpdates after 1 attempts: <urlopen error [Errno 11001] getaddrinfo failed>
2026-06-13 21:11:22,909 INFO auto_tiktok_editor.telegram.multi Telegram getUpdates skipped after transient polling error: Telegram API request failed for getUpdates after 1 attempts: <urlopen error [Errno 11001] getaddrinfo failed>
2026-06-13 21:11:22,947 INFO auto_tiktok_editor.telegram.multi Telegram getUpdates skipped after transient polling error: Telegram API request failed for getUpdates after 1 attempts: <urlopen error [Errno 11001] getaddrinfo failed>
2026-06-13 21:11:22,965 INFO auto_tiktok_editor.telegram.multi Telegram getUpdates skipped after transient polling error: Telegram API request failed for getUpdates after 1 attempts: <urlopen error [Errno 11001] getaddrinfo failed>
2026-06-13 21:11:23,001 INFO auto_tiktok_editor.telegram.multi Telegram getUpdates skipped after transient polling error: Telegram API request failed for getUpdates after 1 attempts: <urlopen error [Errno 11001] getaddrinfo failed>
2026-06-13 21:11:23,049 INFO auto_tiktok_editor.telegram.multi Telegram getUpdates skipped after transient polling error: Telegram API request failed for getUpdates after 1 attempts: <urlopen error [Errno 11001] getaddrinfo failed>
2026-06-13 21:11:23,065 INFO auto_tiktok_editor.telegram.multi Telegram getUpdates skipped after transient polling error: Telegram API request failed for getUpdates after 1 attempts: <urlopen error [Errno 11001] getaddrinfo failed>
2026-06-13 21:11:23,091 INFO auto_tiktok_editor.telegram.multi Telegram getUpdates skipped after transient polling error: Telegram API request failed for getUpdates after 1 attempts: <urlopen error [Errno 11001] getaddrinfo failed>
2026-06-13 21:11:23,160 INFO auto_tiktok_editor.telegram.multi Telegram getUpdates skipped after transient polling error: Telegram API request failed for getUpdates after 1 attempts: <urlopen error [Errno 11001] getaddrinfo failed>
2026-06-13 21:11:23,160 INFO auto_tiktok_editor.telegram.multi Telegram getUpdates skipped after transient polling error: Telegram API request failed for getUpdates after 1 attempts: <urlopen error [Errno 11001] getaddrinfo failed>
2026-06-13 21:11:23,161 INFO auto_tiktok_editor.telegram.multi Telegram getUpdates skipped after transient polling error: Telegram API request failed for getUpdates after 1 attempts: <urlopen error [Errno 11001] getaddrinfo failed>
2026-06-13 21:11:23,176 INFO auto_tiktok_editor.telegram.multi Telegram getUpdates skipped after transient polling error: Telegram API request failed for getUpdates after 1 attempts: <urlopen error [Errno 11001] getaddrinfo failed>
2026-06-13 21:11:23,238 INFO auto_tiktok_editor.telegram.multi Telegram getUpdates skipped after transient polling error: Telegram API request failed for getUpdates after 1 attempts: <urlopen error [Errno 11001] getaddrinfo failed>
2026-06-13 21:11:23,276 INFO auto_tiktok_editor.telegram.multi Telegram getUpdates skipped after transient polling error: Telegram API request failed for getUpdates after 1 attempts: <urlopen error [Errno 11001] getaddrinfo failed>
2026-06-13 21:11:23,292 INFO auto_tiktok_editor.telegram.multi Telegram getUpdates skipped after transient polling error: Telegram API request failed for getUpdates after 1 attempts: <urlopen error [Errno 11001] getaddrinfo failed>
2026-06-13 21:11:23,292 INFO auto_tiktok_editor.telegram.multi Telegram getUpdates skipped after transient polling error: Telegram API request failed for getUpdates after 1 attempts: <urlopen error [Errno 11001] getaddrinfo failed>
2026-06-13 21:11:23,344 INFO auto_tiktok_editor.telegram.multi Telegram getUpdates skipped after transient polling error: Telegram API request failed for getUpdates after 1 attempts: <urlopen error [Errno 11001] getaddrinfo failed>
2026-06-13 21:11:23,421 INFO auto_tiktok_editor.telegram.multi Telegram getUpdates skipped after transient polling error: Telegram API request failed for getUpdates after 1 attempts: <urlopen error [Errno 11001] getaddrinfo failed>
2026-06-13 21:11:23,421 INFO auto_tiktok_editor.telegram.multi Telegram getUpdates skipped after transient polling error: Telegram API request failed for getUpdates after 1 attempts: <urlopen error [Errno 11001] getaddrinfo failed>
2026-06-13 21:11:23,421 INFO auto_tiktok_editor.telegram.multi Telegram getUpdates skipped after transient polling error: Telegram API request failed for getUpdates after 1 attempts: <urlopen error [Errno 11001] getaddrinfo failed>
2026-06-13 21:11:23,450 INFO auto_tiktok_editor.telegram.multi Telegram getUpdates skipped after transient polling error: Telegram API request failed for getUpdates after 1 attempts: <urlopen error [Errno 11001] getaddrinfo failed>
2026-06-13 21:11:23,491 INFO auto_tiktok_editor.telegram.multi Telegram getUpdates skipped after transient polling error: Telegram API request failed for getUpdates after 1 attempts: <urlopen error [Errno 11001] getaddrinfo failed>
2026-06-13 21:11:23,514 INFO auto_tiktok_editor.telegram.multi Telegram getUpdates skipped after transient polling error: Telegram API request failed for getUpdates after 1 attempts: <urlopen error [Errno 11001] getaddrinfo failed>
2026-06-13 21:11:23,558 INFO auto_tiktok_editor.telegram.multi Telegram getUpdates skipped after transient polling error: Telegram API request failed for getUpdates after 1 attempts: <urlopen error [Errno 11001] getaddrinfo failed>
2026-06-13 21:11:23,594 INFO auto_tiktok_editor.telegram.multi Telegram getUpdates skipped after transient polling error: Telegram API request failed for getUpdates after 1 attempts: <urlopen error [Errno 11001] getaddrinfo failed>
2026-06-13 21:11:23,611 INFO auto_tiktok_editor.telegram.multi Telegram getUpdates skipped after transient polling error: Telegram API request failed for getUpdates after 1 attempts: <urlopen error [Errno 11001] getaddrinfo failed>
2026-06-13 21:11:23,622 INFO auto_tiktok_editor.telegram.multi Telegram getUpdates skipped after transient polling error: Telegram API request failed for getUpdates after 1 attempts: <urlopen error [Errno 11001] getaddrinfo failed>
2026-06-13 21:11:23,714 INFO auto_tiktok_editor.telegram.multi Telegram getUpdates skipped after transient polling error: Telegram API request failed for getUpdates after 1 attempts: <urlopen error [Errno 11001] getaddrinfo failed>
2026-06-13 21:11:23,739 INFO auto_tiktok_editor.telegram.multi Telegram getUpdates skipped after transient polling error: Telegram API request failed for getUpdates after 1 attempts: <urlopen error [Errno 11001] getaddrinfo failed>
2026-06-13 21:11:23,740 INFO auto_tiktok_editor.telegram.multi Telegram getUpdates skipped after transient polling error: Telegram API request failed for getUpdates after 1 attempts: <urlopen error [Errno 11001] getaddrinfo failed>
2026-06-13 21:11:23,740 INFO auto_tiktok_editor.telegram.multi Telegram getUpdates skipped after transient polling error: Telegram API request failed for getUpdates after 1 attempts: <urlopen error [Errno 11001] getaddrinfo failed>
2026-06-13 21:11:23,779 INFO auto_tiktok_editor.telegram.multi Telegram getUpdates skipped after transient polling error: Telegram API request failed for getUpdates after 1 attempts: <urlopen error [Errno 11001] getaddrinfo failed>
2026-06-13 21:11:23,815 INFO auto_tiktok_editor.telegram.multi Telegram getUpdates skipped after transient polling error: Telegram API request failed for getUpdates after 1 attempts: <urlopen error [Errno 11001] getaddrinfo failed>
2026-06-13 21:11:23,852 INFO auto_tiktok_editor.telegram.multi Telegram getUpdates skipped after transient polling error: Telegram API request failed for getUpdates after 1 attempts: <urlopen error [Errno 11001] getaddrinfo failed>
2026-06-13 21:11:23,852 INFO auto_tiktok_editor.telegram.multi Telegram getUpdates skipped after transient polling error: Telegram API request failed for getUpdates after 1 attempts: <urlopen error [Errno 11001] getaddrinfo failed>
2026-06-13 21:11:23,879 INFO auto_tiktok_editor.telegram.multi Telegram getUpdates skipped after transient polling error: Telegram API request failed for getUpdates after 1 attempts: <urlopen error [Errno 11001] getaddrinfo failed>
2026-06-13 21:11:23,939 INFO auto_tiktok_editor.telegram.multi Telegram getUpdates skipped after transient polling error: Telegram API request failed for getUpdates after 1 attempts: <urlopen error [Errno 11001] getaddrinfo failed>
2026-06-13 21:11:23,939 INFO auto_tiktok_editor.telegram.multi Telegram getUpdates skipped after transient polling error: Telegram API request failed for getUpdates after 1 attempts: <urlopen error [Errno 11001] getaddrinfo failed>
2026-06-13 21:11:23,974 INFO auto_tiktok_editor.telegram.multi Telegram getUpdates skipped after transient polling error: Telegram API request failed for getUpdates after 1 attempts: <urlopen error [Errno 11001] getaddrinfo failed>
2026-06-13 21:11:24,024 INFO auto_tiktok_editor.telegram.multi Telegram getUpdates skipped after transient polling error: Telegram API request failed for getUpdates after 1 attempts: <urlopen error [Errno 11001] getaddrinfo failed>
2026-06-13 21:11:24,065 INFO auto_tiktok_editor.telegram.multi Telegram getUpdates skipped after transient polling error: Telegram API request failed for getUpdates after 1 attempts: <urlopen error [Errno 11001] getaddrinfo failed>
2026-06-13 21:11:24,091 INFO auto_tiktok_editor.telegram.multi Telegram getUpdates skipped after transient polling error: Telegram API request failed for getUpdates after 1 attempts: <urlopen error [Errno 11001] getaddrinfo failed>
2026-06-13 21:11:24,092 INFO auto_tiktok_editor.telegram.multi Telegram getUpdates skipped after transient polling error: Telegram API request failed for getUpdates after 1 attempts: <urlopen error [Errno 11001] getaddrinfo failed>
2026-06-13 21:11:24,140 INFO auto_tiktok_editor.telegram.multi Telegram getUpdates skipped after transient polling error: Telegram API request failed for getUpdates after 1 attempts: <urlopen error [Errno 11001] getaddrinfo failed>
2026-06-13 21:11:24,140 INFO auto_tiktok_editor.telegram.multi Telegram getUpdates skipped after transient polling error: Telegram API request failed for getUpdates after 1 attempts: <urlopen error [Errno 11001] getaddrinfo failed>
2026-06-13 21:11:24,230 INFO auto_tiktok_editor.telegram.multi Telegram getUpdates skipped after transient polling error: Telegram API request failed for getUpdates after 1 attempts: <urlopen error [Errno 11001] getaddrinfo failed>
2026-06-13 21:11:24,231 INFO auto_tiktok_editor.telegram.multi Telegram getUpdates skipped after transient polling error: Telegram API request failed for getUpdates after 1 attempts: <urlopen error [Errno 11001] getaddrinfo failed>
2026-06-13 21:11:24,231 INFO auto_tiktok_editor.telegram.multi Telegram getUpdates skipped after transient polling error: Telegram API request failed for getUpdates after 1 attempts: <urlopen error [Errno 11001] getaddrinfo failed>
2026-06-13 21:11:24,280 INFO auto_tiktok_editor.telegram.multi Telegram getUpdates skipped after transient polling error: Telegram API request failed for getUpdates after 1 attempts: <urlopen error [Errno 11001] getaddrinfo failed>
2026-06-13 21:11:24,280 INFO auto_tiktok_editor.telegram.multi Telegram getUpdates skipped after transient polling error: Telegram API request failed for getUpdates after 1 attempts: <urlopen error [Errno 11001] getaddrinfo failed>
2026-06-13 21:11:24,372 INFO auto_tiktok_editor.telegram.multi Telegram getUpdates skipped after transient polling error: Telegram API request failed for getUpdates after 1 attempts: <urlopen error [Errno 11001] getaddrinfo failed>
2026-06-13 21:11:24,373 INFO auto_tiktok_editor.telegram.multi Telegram getUpdates skipped after transient polling error: Telegram API request failed for getUpdates after 1 attempts: <urlopen error [Errno 11001] getaddrinfo failed>
2026-06-13 21:11:24,388 INFO auto_tiktok_editor.telegram.multi Telegram getUpdates skipped after transient polling error: Telegram API request failed for getUpdates after 1 attempts: <urlopen error [Errno 11001] getaddrinfo failed>
2026-06-13 21:11:24,388 INFO auto_tiktok_editor.telegram.multi Telegram getUpdates skipped after transient polling error: Telegram API request failed for getUpdates after 1 attempts: <urlopen error [Errno 11001] getaddrinfo failed>
2026-06-13 21:11:24,438 INFO auto_tiktok_editor.telegram.multi Telegram getUpdates skipped after transient polling error: Telegram API request failed for getUpdates after 1 attempts: <urlopen error [Errno 11001] getaddrinfo failed>
2026-06-13 21:11:24,463 INFO auto_tiktok_editor.telegram.multi Telegram getUpdates skipped after transient polling error: Telegram API request failed for getUpdates after 1 attempts: <urlopen error [Errno 11001] getaddrinfo failed>
2026-06-13 21:11:24,473 INFO auto_tiktok_editor.telegram.multi Telegram getUpdates skipped after transient polling error: Telegram API request failed for getUpdates after 1 attempts: <urlopen error [Errno 11001] getaddrinfo failed>
2026-06-13 21:11:24,500 INFO auto_tiktok_editor.telegram.multi Telegram getUpdates skipped after transient polling error: Telegram API request failed for getUpdates after 1 attempts: <urlopen error [Errno 11001] getaddrinfo failed>
2026-06-13 21:11:24,526 INFO auto_tiktok_editor.telegram.multi Telegram getUpdates skipped after transient polling error: Telegram API request failed for getUpdates after 1 attempts: <urlopen error [Errno 11001] getaddrinfo failed>
2026-06-13 21:11:24,550 INFO auto_tiktok_editor.telegram.multi Telegram getUpdates skipped after transient polling error: Telegram API request failed for getUpdates after 1 attempts: <urlopen error [Errno 11001] getaddrinfo failed>
2026-06-13 21:11:24,593 INFO auto_tiktok_editor.telegram.multi Telegram getUpdates skipped after transient polling error: Telegram API request failed for getUpdates after 1 attempts: <urlopen error [Errno 11001] getaddrinfo failed>
2026-06-13 21:11:24,644 INFO auto_tiktok_editor.telegram.multi Telegram getUpdates skipped after transient polling error: Telegram API request failed for getUpdates after 1 attempts: <urlopen error [Errno 11001] getaddrinfo failed>
2026-06-13 21:11:24,659 INFO auto_tiktok_editor.telegram.multi Telegram getUpdates skipped after transient polling error: Telegram API request failed for getUpdates after 1 attempts: <urlopen error [Errno 11001] getaddrinfo failed>
2026-06-13 21:11:24,669 INFO auto_tiktok_editor.telegram.multi Telegram getUpdates skipped after transient polling error: Telegram API request failed for getUpdates after 1 attempts: <urlopen error [Errno 11001] getaddrinfo failed>
2026-06-13 21:11:24,669 INFO auto_tiktok_editor.telegram.multi Telegram getUpdates skipped after transient polling error: Telegram API request failed for getUpdates after 1 attempts: <urlopen error [Errno 11001] getaddrinfo failed>
2026-06-13 21:11:24,750 INFO auto_tiktok_editor.telegram.multi Telegram getUpdates skipped after transient polling error: Telegram API request failed for getUpdates after 1 attempts: <urlopen error [Errno 11001] getaddrinfo failed>
2026-06-13 21:11:24,766 INFO auto_tiktok_editor.telegram.multi Telegram getUpdates skipped after transient polling error: Telegram API request failed for getUpdates after 1 attempts: <urlopen error [Errno 11001] getaddrinfo failed>
2026-06-13 21:11:24,766 INFO auto_tiktok_editor.telegram.multi Telegram getUpdates skipped after transient polling error: Telegram API request failed for getUpdates after 1 attempts: <urlopen error [Errno 11001] getaddrinfo failed>
2026-06-13 21:11:24,817 INFO auto_tiktok_editor.telegram.multi Telegram getUpdates skipped after transient polling error: Telegram API request failed for getUpdates after 1 attempts: <urlopen error [Errno 11001] getaddrinfo failed>
2026-06-13 21:11:24,852 INFO auto_tiktok_editor.telegram.multi Telegram getUpdates skipped after transient polling error: Telegram API request failed for getUpdates after 1 attempts: <urlopen error [Errno 11001] getaddrinfo failed>
2026-06-13 21:11:24,852 INFO auto_tiktok_editor.telegram.multi Telegram getUpdates skipped after transient polling error: Telegram API request failed for getUpdates after 1 attempts: <urlopen error [Errno 11001] getaddrinfo failed>
2026-06-13 21:11:24,868 INFO auto_tiktok_editor.telegram.multi Telegram getUpdates skipped after transient polling error: Telegram API request failed for getUpdates after 1 attempts: <urlopen error [Errno 11001] getaddrinfo failed>
2026-06-13 21:11:24,941 INFO auto_tiktok_editor.telegram.multi Telegram getUpdates skipped after transient polling error: Telegram API request failed for getUpdates after 1 attempts: <urlopen error [Errno 11001] getaddrinfo failed>
2026-06-13 21:11:24,942 INFO auto_tiktok_editor.telegram.multi Telegram getUpdates skipped after transient polling error: Telegram API request failed for getUpdates after 1 attempts: <urlopen error [Errno 11001] getaddrinfo failed>
2026-06-13 21:11:24,957 INFO auto_tiktok_editor.telegram.multi Telegram getUpdates skipped after transient polling error: Telegram API request failed for getUpdates after 1 attempts: <urlopen error [Errno 11001] getaddrinfo failed>
2026-06-13 21:11:25,008 INFO auto_tiktok_editor.telegram.multi Telegram getUpdates skipped after transient polling error: Telegram API request failed for getUpdates after 1 attempts: <urlopen error [Errno 11001] getaddrinfo failed>
2026-06-13 21:11:25,019 INFO auto_tiktok_editor.telegram.multi Telegram getUpdates skipped after transient polling error: Telegram API request failed for getUpdates after 1 attempts: <urlopen error [Errno 11001] getaddrinfo failed>
2026-06-13 21:11:25,061 INFO auto_tiktok_editor.telegram.multi Telegram getUpdates skipped after transient polling error: Telegram API request failed for getUpdates after 1 attempts: <urlopen error [Errno 11001] getaddrinfo failed>
2026-06-13 21:11:25,122 INFO auto_tiktok_editor.telegram.multi Telegram getUpdates skipped after transient polling error: Telegram API request failed for getUpdates after 1 attempts: <urlopen error [Errno 11001] getaddrinfo failed>
2026-06-13 21:11:25,122 INFO auto_tiktok_editor.telegram.multi Telegram getUpdates skipped after transient polling error: Telegram API request failed for getUpdates after 1 attempts: <urlopen error [Errno 11001] getaddrinfo failed>
2026-06-13 21:11:25,122 INFO auto_tiktok_editor.telegram.multi Telegram getUpdates skipped after transient polling error: Telegram API request failed for getUpdates after 1 attempts: <urlopen error [Errno 11001] getaddrinfo failed>
2026-06-13 21:11:25,157 INFO auto_tiktok_editor.telegram.multi Telegram getUpdates skipped after transient polling error: Telegram API request failed for getUpdates after 1 attempts: <urlopen error [Errno 11001] getaddrinfo failed>
2026-06-13 21:11:25,205 INFO auto_tiktok_editor.telegram.multi Telegram getUpdates skipped after transient polling error: Telegram API request failed for getUpdates after 1 attempts: <urlopen error [Errno 11001] getaddrinfo failed>
2026-06-13 21:11:25,244 INFO auto_tiktok_editor.telegram.multi Telegram getUpdates skipped after transient polling error: Telegram API request failed for getUpdates after 1 attempts: <urlopen error [Errno 11001] getaddrinfo failed>
2026-06-13 21:11:25,244 INFO auto_tiktok_editor.telegram.multi Telegram getUpdates skipped after transient polling error: Telegram API request failed for getUpdates after 1 attempts: <urlopen error [Errno 11001] getaddrinfo failed>
2026-06-13 21:11:25,280 INFO auto_tiktok_editor.telegram.multi Telegram getUpdates skipped after transient polling error: Telegram API request failed for getUpdates after 1 attempts: <urlopen error [Errno 11001] getaddrinfo failed>
2026-06-13 21:11:25,280 INFO auto_tiktok_editor.telegram.multi Telegram getUpdates skipped after transient polling error: Telegram API request failed for getUpdates after 1 attempts: <urlopen error [Errno 11001] getaddrinfo failed>
2026-06-13 21:11:25,281 INFO auto_tiktok_editor.telegram.multi Telegram getUpdates skipped after transient polling error: Telegram API request failed for getUpdates after 1 attempts: <urlopen error [Errno 11001] getaddrinfo failed>
2026-06-13 21:11:25,391 INFO auto_tiktok_editor.telegram.multi Telegram getUpdates skipped after transient polling error: Telegram API request failed for getUpdates after 1 attempts: <urlopen error [Errno 11001] getaddrinfo failed>
2026-06-13 21:11:25,391 INFO auto_tiktok_editor.telegram.multi Telegram getUpdates skipped after transient polling error: Telegram API request failed for getUpdates after 1 attempts: <urlopen error [Errno 11001] getaddrinfo failed>
2026-06-13 21:11:25,416 INFO auto_tiktok_editor.telegram.multi Telegram getUpdates skipped after transient polling error: Telegram API request failed for getUpdates after 1 attempts: <urlopen error [Errno 11001] getaddrinfo failed>
2026-06-13 21:11:25,450 INFO auto_tiktok_editor.telegram.multi Telegram getUpdates skipped after transient polling error: Telegram API request failed for getUpdates after 1 attempts: <urlopen error [Errno 11001] getaddrinfo failed>
2026-06-13 21:11:25,450 INFO auto_tiktok_editor.telegram.multi Telegram getUpdates skipped after transient polling error: Telegram API request failed for getUpdates after 1 attempts: <urlopen error [Errno 11001] getaddrinfo failed>
2026-06-13 21:11:25,512 INFO auto_tiktok_editor.telegram.multi Telegram getUpdates skipped after transient polling error: Telegram API request failed for getUpdates after 1 attempts: <urlopen error [Errno 11001] getaddrinfo failed>
2026-06-13 21:11:25,547 INFO auto_tiktok_editor.telegram.multi Telegram getUpdates skipped after transient polling error: Telegram API request failed for getUpdates after 1 attempts: <urlopen error [Errno 11001] getaddrinfo failed>
2026-06-13 21:11:25,558 INFO auto_tiktok_editor.telegram.multi Telegram getUpdates skipped after transient polling error: Telegram API request failed for getUpdates after 1 attempts: <urlopen error [Errno 11001] getaddrinfo failed>
2026-06-13 21:11:25,558 INFO auto_tiktok_editor.telegram.multi Telegram getUpdates skipped after transient polling error: Telegram API request failed for getUpdates after 1 attempts: <urlopen error [Errno 11001] getaddrinfo failed>
2026-06-13 21:11:25,606 INFO auto_tiktok_editor.telegram.multi Telegram getUpdates skipped after transient polling error: Telegram API request failed for getUpdates after 1 attempts: <urlopen error [Errno 11001] getaddrinfo failed>
2026-06-13 21:11:25,622 INFO auto_tiktok_editor.telegram.multi Telegram getUpdates skipped after transient polling error: Telegram API request failed for getUpdates after 1 attempts: <urlopen error [Errno 11001] getaddrinfo failed>
2026-06-13 21:11:25,633 INFO auto_tiktok_editor.telegram.multi Telegram getUpdates skipped after transient polling error: Telegram API request failed for getUpdates after 1 attempts: <urlopen error [Errno 11001] getaddrinfo failed>
2026-06-13 21:11:25,659 INFO auto_tiktok_editor.telegram.multi Telegram getUpdates skipped after transient polling error: Telegram API request failed for getUpdates after 1 attempts: <urlopen error [Errno 11001] getaddrinfo failed>
2026-06-13 21:11:25,701 INFO auto_tiktok_editor.telegram.multi Telegram getUpdates skipped after transient polling error: Telegram API request failed for getUpdates after 1 attempts: <urlopen error [Errno 11001] getaddrinfo failed>
2026-06-13 21:11:25,736 INFO auto_tiktok_editor.telegram.multi Telegram getUpdates skipped after transient polling error: Telegram API request failed for getUpdates after 1 attempts: <urlopen error [Errno 11001] getaddrinfo failed>
2026-06-13 21:11:25,736 INFO auto_tiktok_editor.telegram.multi Telegram getUpdates skipped after transient polling error: Telegram API request failed for getUpdates after 1 attempts: <urlopen error [Errno 11001] getaddrinfo failed>
2026-06-13 21:11:25,796 INFO auto_tiktok_editor.telegram.multi Telegram getUpdates skipped after transient polling error: Telegram API request failed for getUpdates after 1 attempts: <urlopen error [Errno 11001] getaddrinfo failed>
2026-06-13 21:11:25,807 INFO auto_tiktok_editor.telegram.multi Telegram getUpdates skipped after transient polling error: Telegram API request failed for getUpdates after 1 attempts: <urlopen error [Errno 11001] getaddrinfo failed>
2026-06-13 21:11:25,850 INFO auto_tiktok_editor.telegram.multi Telegram getUpdates skipped after transient polling error: Telegram API request failed for getUpdates after 1 attempts: <urlopen error [Errno 11001] getaddrinfo failed>
2026-06-13 21:11:25,861 INFO auto_tiktok_editor.telegram.multi Telegram getUpdates skipped after transient polling error: Telegram API request failed for getUpdates after 1 attempts: <urlopen error [Errno 11001] getaddrinfo failed>
2026-06-13 21:11:25,887 INFO auto_tiktok_editor.telegram.multi Telegram getUpdates skipped after transient polling error: Telegram API request failed for getUpdates after 1 attempts: <urlopen error [Errno 11001] getaddrinfo failed>
2026-06-13 21:11:25,924 INFO auto_tiktok_editor.telegram.multi Telegram getUpdates skipped after transient polling error: Telegram API request failed for getUpdates after 1 attempts: <urlopen error [Errno 11001] getaddrinfo failed>
2026-06-13 21:11:25,958 INFO auto_tiktok_editor.telegram.multi Telegram getUpdates skipped after transient polling error: Telegram API request failed for getUpdates after 1 attempts: <urlopen error [Errno 11001] getaddrinfo failed>
2026-06-13 21:11:25,974 INFO auto_tiktok_editor.telegram.multi Telegram getUpdates skipped after transient polling error: Telegram API request failed for getUpdates after 1 attempts: <urlopen error [Errno 11001] getaddrinfo failed>
2026-06-13 21:11:25,984 INFO auto_tiktok_editor.telegram.multi Telegram getUpdates skipped after transient polling error: Telegram API request failed for getUpdates after 1 attempts: <urlopen error [Errno 11001] getaddrinfo failed>
2026-06-13 21:11:26,051 INFO auto_tiktok_editor.telegram.multi Telegram getUpdates skipped after transient polling error: Telegram API request failed for getUpdates after 1 attempts: <urlopen error [Errno 11001] getaddrinfo failed>
2026-06-13 21:11:26,051 INFO auto_tiktok_editor.telegram.multi Telegram getUpdates skipped after transient polling error: Telegram API request failed for getUpdates after 1 attempts: <urlopen error [Errno 11001] getaddrinfo failed>
2026-06-13 21:11:26,101 INFO auto_tiktok_editor.telegram.multi Telegram getUpdates skipped after transient polling error: Telegram API request failed for getUpdates after 1 attempts: <urlopen error [Errno 11001] getaddrinfo failed>
2026-06-13 21:11:26,101 INFO auto_tiktok_editor.telegram.multi Telegram getUpdates skipped after transient polling error: Telegram API request failed for getUpdates after 1 attempts: <urlopen error [Errno 11001] getaddrinfo failed>
2026-06-13 21:11:26,116 INFO auto_tiktok_editor.telegram.multi Telegram getUpdates skipped after transient polling error: Telegram API request failed for getUpdates after 1 attempts: <urlopen error [Errno 11001] getaddrinfo failed>
2026-06-13 21:11:26,154 INFO auto_tiktok_editor.telegram.multi Telegram getUpdates skipped after transient polling error: Telegram API request failed for getUpdates after 1 attempts: <urlopen error [Errno 11001] getaddrinfo failed>
2026-06-13 21:11:26,178 INFO auto_tiktok_editor.telegram.multi Telegram getUpdates skipped after transient polling error: Telegram API request failed for getUpdates after 1 attempts: <urlopen error [Errno 11001] getaddrinfo failed>
2026-06-13 21:11:26,237 INFO auto_tiktok_editor.telegram.multi Telegram getUpdates skipped after transient polling error: Telegram API request failed for getUpdates after 1 attempts: <urlopen error [Errno 11001] getaddrinfo failed>
2026-06-13 21:11:26,237 INFO auto_tiktok_editor.telegram.multi Telegram getUpdates skipped after transient polling error: Telegram API request failed for getUpdates after 1 attempts: <urlopen error [Errno 11001] getaddrinfo failed>
2026-06-13 21:11:26,253 INFO auto_tiktok_editor.telegram.multi Telegram getUpdates skipped after transient polling error: Telegram API request failed for getUpdates after 1 attempts: <urlopen error [Errno 11001] getaddrinfo failed>
2026-06-13 21:11:26,291 INFO auto_tiktok_editor.telegram.multi Telegram getUpdates skipped after transient polling error: Telegram API request failed for getUpdates after 1 attempts: <urlopen error [Errno 11001] getaddrinfo failed>
2026-06-13 21:11:26,315 INFO auto_tiktok_editor.telegram.multi Telegram getUpdates skipped after transient polling error: Telegram API request failed for getUpdates after 1 attempts: <urlopen error [Errno 11001] getaddrinfo failed>
2026-06-13 21:11:26,363 INFO auto_tiktok_editor.telegram.multi Telegram getUpdates skipped after transient polling error: Telegram API request failed for getUpdates after 1 attempts: <urlopen error [Errno 11001] getaddrinfo failed>
2026-06-13 21:11:26,402 INFO auto_tiktok_editor.telegram.multi Telegram getUpdates skipped after transient polling error: Telegram API request failed for getUpdates after 1 attempts: <urlopen error [Errno 11001] getaddrinfo failed>
2026-06-13 21:11:26,420 INFO auto_tiktok_editor.telegram.multi Telegram getUpdates skipped after transient polling error: Telegram API request failed for getUpdates after 1 attempts: <urlopen error [Errno 11001] getaddrinfo failed>
2026-06-13 21:11:26,431 INFO auto_tiktok_editor.telegram.multi Telegram getUpdates skipped after transient polling error: Telegram API request failed for getUpdates after 1 attempts: <urlopen error [Errno 11001] getaddrinfo failed>
2026-06-13 21:11:26,479 INFO auto_tiktok_editor.telegram.multi Telegram getUpdates skipped after transient polling error: Telegram API request failed for getUpdates after 1 attempts: <urlopen error [Errno 11001] getaddrinfo failed>
2026-06-13 21:11:26,494 INFO auto_tiktok_editor.telegram.multi Telegram getUpdates skipped after transient polling error: Telegram API request failed for getUpdates after 1 attempts: <urlopen error [Errno 11001] getaddrinfo failed>
2026-06-13 21:11:26,521 INFO auto_tiktok_editor.telegram.multi Telegram getUpdates skipped after transient polling error: Telegram API request failed for getUpdates after 1 attempts: <urlopen error [Errno 11001] getaddrinfo failed>
2026-06-13 21:11:26,521 INFO auto_tiktok_editor.telegram.multi Telegram getUpdates skipped after transient polling error: Telegram API request failed for getUpdates after 1 attempts: <urlopen error [Errno 11001] getaddrinfo failed>
2026-06-13 21:11:26,559 INFO auto_tiktok_editor.telegram.multi Telegram getUpdates skipped after transient polling error: Telegram API request failed for getUpdates after 1 attempts: <urlopen error [Errno 11001] getaddrinfo failed>
2026-06-13 21:11:26,608 INFO auto_tiktok_editor.telegram.multi Telegram getUpdates skipped after transient polling error: Telegram API request failed for getUpdates after 1 attempts: <urlopen error [Errno 11001] getaddrinfo failed>
2026-06-13 21:11:26,654 INFO auto_tiktok_editor.telegram.multi Telegram getUpdates skipped after transient polling error: Telegram API request failed for getUpdates after 1 attempts: <urlopen error [Errno 11001] getaddrinfo failed>
2026-06-13 21:11:26,665 INFO auto_tiktok_editor.telegram.multi Telegram getUpdates skipped after transient polling error: Telegram API request failed for getUpdates after 1 attempts: <urlopen error [Errno 11001] getaddrinfo failed>
2026-06-13 21:11:26,721 INFO auto_tiktok_editor.telegram.multi Telegram getUpdates skipped after transient polling error: Telegram API request failed for getUpdates after 1 attempts: <urlopen error [Errno 11001] getaddrinfo failed>
2026-06-13 21:11:26,752 INFO auto_tiktok_editor.telegram.multi Telegram getUpdates skipped after transient polling error: Telegram API request failed for getUpdates after 1 attempts: <urlopen error [Errno 11001] getaddrinfo failed>
2026-06-13 21:11:26,759 INFO auto_tiktok_editor.telegram.multi Telegram getUpdates skipped after transient polling error: Telegram API request failed for getUpdates after 1 attempts: <urlopen error [Errno 11001] getaddrinfo failed>
2026-06-13 21:11:26,797 INFO auto_tiktok_editor.telegram.multi Telegram getUpdates skipped after transient polling error: Telegram API request failed for getUpdates after 1 attempts: <urlopen error [Errno 11001] getaddrinfo failed>
2026-06-13 21:11:26,807 INFO auto_tiktok_editor.telegram.multi Telegram getUpdates skipped after transient polling error: Telegram API request failed for getUpdates after 1 attempts: <urlopen error [Errno 11001] getaddrinfo failed>
2026-06-13 22:00:17,419 INFO auto_tiktok_editor.telegram.multi Entered stage 'validating_session'.
2026-06-13 22:00:17,449 INFO auto_tiktok_editor.telegram.multi Session workspace created at D:\Tool_Reup\code\output\session_20260613_220017_31e155.
2026-06-13 22:00:17,449 INFO auto_tiktok_editor.telegram.multi Entered stage 'running'.
2026-06-13 22:00:17,451 INFO auto_tiktok_editor.telegram.multi Entered stage 'validating_input'.
2026-06-13 22:00:17,451 INFO auto_tiktok_editor.telegram.multi Entered stage 'downloading_source'.
2026-06-13 22:16:41,290 INFO auto_tiktok_editor.telegram.multi Entered stage 'normalizing_media'.
2026-06-13 22:16:58,189 INFO auto_tiktok_editor.telegram.multi Entered stage 'speed_processing'.
2026-06-13 22:17:08,927 INFO auto_tiktok_editor.telegram.multi Entered stage 'extracting_audio'.
2026-06-13 22:17:09,507 INFO auto_tiktok_editor.telegram.multi Entered stage 'detecting_scenes'.
2026-06-13 22:17:11,359 INFO auto_tiktok_editor.telegram.multi Entered stage 'planning_edit'.
2026-06-13 22:17:11,703 WARNING auto_tiktok_editor.telegram.multi Scene count is too low for a perfect shuffle; some chunks may still remain close to their source neighbors.
2026-06-13 22:17:11,704 INFO auto_tiktok_editor.telegram.multi Entered stage 'preparing_product_image'.
2026-06-13 22:17:38,230 INFO auto_tiktok_editor.telegram.multi Entered stage 'rendering_final'.
2026-06-13 22:18:03,641 WARNING auto_tiktok_editor.telegram.multi PNG transparency will be flattened against a warm background in the split layout.
2026-06-13 22:18:34,490 INFO auto_tiktok_editor.telegram.multi Entered stage 'exporting_artifacts'.
2026-06-13 22:18:34,490 INFO auto_tiktok_editor.telegram.multi Entered stage 'exporting_summary'.
2026-06-13 22:18:36,447 INFO auto_tiktok_editor.telegram.multi Entered stage 'validating_session'.
2026-06-13 22:18:36,456 INFO auto_tiktok_editor.telegram.multi Session workspace created at D:\Tool_Reup\code\output\session_20260613_221836_f4ebd7.
2026-06-13 22:18:36,456 INFO auto_tiktok_editor.telegram.multi Entered stage 'running'.
2026-06-13 22:18:36,458 INFO auto_tiktok_editor.telegram.multi Entered stage 'validating_input'.
2026-06-13 22:18:36,458 INFO auto_tiktok_editor.telegram.multi Entered stage 'downloading_source'.
2026-06-13 22:18:57,701 INFO auto_tiktok_editor.telegram.multi Entered stage 'normalizing_media'.
2026-06-13 22:19:12,365 INFO auto_tiktok_editor.telegram.multi Entered stage 'speed_processing'.
2026-06-13 22:19:22,770 INFO auto_tiktok_editor.telegram.multi Entered stage 'extracting_audio'.
2026-06-13 22:19:23,530 INFO auto_tiktok_editor.telegram.multi Entered stage 'detecting_scenes'.
2026-06-13 22:19:25,465 INFO auto_tiktok_editor.telegram.multi Entered stage 'planning_edit'.
2026-06-13 22:19:25,535 WARNING auto_tiktok_editor.telegram.multi Scene count is too low for a perfect shuffle; some chunks may still remain close to their source neighbors.
2026-06-13 22:19:25,536 INFO auto_tiktok_editor.telegram.multi Entered stage 'preparing_product_image'.
2026-06-13 22:19:51,904 INFO auto_tiktok_editor.telegram.multi Entered stage 'rendering_final'.
2026-06-13 22:20:17,693 WARNING auto_tiktok_editor.telegram.multi PNG transparency will be flattened against a warm background in the split layout.
2026-06-13 22:20:18,747 WARNING auto_tiktok_editor.telegram.multi Source audio is already near clipping; limiter protection was applied.
2026-06-13 22:20:48,770 INFO auto_tiktok_editor.telegram.multi Entered stage 'exporting_artifacts'.
2026-06-13 22:20:48,770 INFO auto_tiktok_editor.telegram.multi Entered stage 'exporting_summary'.
2026-06-13 22:20:50,232 INFO auto_tiktok_editor.telegram.multi Entered stage 'validating_session'.
2026-06-13 22:20:50,239 INFO auto_tiktok_editor.telegram.multi Session workspace created at D:\Tool_Reup\code\output\session_20260613_222050_c3a27d.
2026-06-13 22:20:50,240 INFO auto_tiktok_editor.telegram.multi Entered stage 'running'.
2026-06-13 22:20:50,241 INFO auto_tiktok_editor.telegram.multi Entered stage 'validating_input'.
2026-06-13 22:20:50,241 INFO auto_tiktok_editor.telegram.multi Entered stage 'downloading_source'.
2026-06-13 22:24:53,262 ERROR auto_tiktok_editor.telegram.multi lazy-down could not obtain a playable TikTok video stream, and TikWM fallback also failed. Details: lazy-down: Command failed (2): HTTP 400:; tikwm: TikWM video download failed: The read operation timed out
2026-06-13 22:24:53,265 INFO auto_tiktok_editor.telegram.multi Entered stage 'exporting_summary'.
2026-06-13 22:24:54,001 INFO auto_tiktok_editor.telegram.multi Entered stage 'validating_session'.
2026-06-13 22:24:54,003 INFO auto_tiktok_editor.telegram.multi Session workspace created at D:\Tool_Reup\code\output\session_20260613_222454_f9b10a.
2026-06-13 22:24:54,003 INFO auto_tiktok_editor.telegram.multi Entered stage 'running'.
2026-06-13 22:24:54,004 INFO auto_tiktok_editor.telegram.multi Entered stage 'validating_input'.
2026-06-13 22:24:54,004 INFO auto_tiktok_editor.telegram.multi Entered stage 'downloading_source'.
2026-06-13 22:25:07,737 INFO auto_tiktok_editor.telegram.multi Entered stage 'normalizing_media'.
2026-06-13 22:25:23,997 INFO auto_tiktok_editor.telegram.multi Entered stage 'speed_processing'.
2026-06-13 22:25:35,442 INFO auto_tiktok_editor.telegram.multi Entered stage 'extracting_audio'.
2026-06-13 22:25:36,103 INFO auto_tiktok_editor.telegram.multi Entered stage 'detecting_scenes'.
2026-06-13 22:25:38,289 INFO auto_tiktok_editor.telegram.multi Entered stage 'planning_edit'.
2026-06-13 22:25:38,290 INFO auto_tiktok_editor.telegram.multi Entered stage 'preparing_product_image'.
2026-06-13 22:26:09,766 INFO auto_tiktok_editor.telegram.multi Entered stage 'rendering_final'.
2026-06-13 22:26:36,773 WARNING auto_tiktok_editor.telegram.multi PNG transparency will be flattened against a warm background in the split layout.
2026-06-13 22:26:38,037 WARNING auto_tiktok_editor.telegram.multi Source audio is already near clipping; limiter protection was applied.
2026-06-13 22:27:13,658 INFO auto_tiktok_editor.telegram.multi Entered stage 'exporting_artifacts'.
2026-06-13 22:27:13,658 INFO auto_tiktok_editor.telegram.multi Entered stage 'exporting_summary'.
2026-06-14 08:46:53,361 INFO auto_tiktok_editor.telegram.multi Started Telegram bot 'linh_an_ngon'.
2026-06-14 08:46:53,376 INFO auto_tiktok_editor.telegram.multi Telegram bot worker started.
2026-06-14 08:46:53,379 INFO auto_tiktok_editor.telegram.multi Started Telegram bot 'an_vat_cung_tien'.
2026-06-14 08:46:53,383 INFO auto_tiktok_editor.telegram.multi Started Telegram bot 'my_me_an_vat'.
2026-06-14 08:46:53,392 INFO auto_tiktok_editor.telegram.multi Telegram bot worker started.
2026-06-14 08:46:53,393 INFO auto_tiktok_editor.telegram.multi Started Telegram bot 'tep_riu'.
2026-06-14 08:46:53,701 INFO auto_tiktok_editor.telegram.multi Telegram bot worker started.
2026-06-14 08:46:53,808 INFO auto_tiktok_editor.telegram.multi Telegram bot worker started.
2026-06-14 08:47:35,537 INFO auto_tiktok_editor.telegram.multi Telegram auto cleanup: Da xoa 245 file media, don 27 thu muc rong, giai phong 2.4 GB. Co 233 file khong xoa duoc.
2026-06-14 08:47:35,584 INFO auto_tiktok_editor.telegram.multi Telegram auto cleanup: Da xoa 232 file media, don 1 thu muc rong, giai phong 2.4 GB. Co 249 file khong xoa duoc.
2026-06-14 08:47:35,631 INFO auto_tiktok_editor.telegram.multi Telegram auto cleanup: Da xoa 250 file media, giai phong 2.5 GB. Co 227 file khong xoa duoc.
2026-06-14 08:47:35,677 INFO auto_tiktok_editor.telegram.multi Telegram auto cleanup: Da xoa 269 file media, giai phong 2.5 GB. Co 209 file khong xoa duoc.
2026-06-14 08:49:05,662 INFO auto_tiktok_editor.telegram.multi Entered stage 'validating_session'.
2026-06-14 08:49:05,696 INFO auto_tiktok_editor.telegram.multi Session workspace created at D:\Tool_Reup\code\output\session_20260614_084905_9a82e4.
2026-06-14 08:49:05,696 INFO auto_tiktok_editor.telegram.multi Entered stage 'running'.
2026-06-14 08:49:05,698 INFO auto_tiktok_editor.telegram.multi Entered stage 'validating_input'.
2026-06-14 08:49:05,698 INFO auto_tiktok_editor.telegram.multi Entered stage 'downloading_source'.
2026-06-14 08:49:37,510 INFO auto_tiktok_editor.telegram.multi Entered stage 'normalizing_media'.
2026-06-14 08:49:54,018 INFO auto_tiktok_editor.telegram.multi Entered stage 'speed_processing'.
2026-06-14 08:50:04,679 INFO auto_tiktok_editor.telegram.multi Entered stage 'extracting_audio'.
2026-06-14 08:50:05,265 INFO auto_tiktok_editor.telegram.multi Entered stage 'detecting_scenes'.
2026-06-14 08:50:07,268 INFO auto_tiktok_editor.telegram.multi Entered stage 'planning_edit'.
2026-06-14 08:50:07,271 INFO auto_tiktok_editor.telegram.multi Entered stage 'preparing_product_image'.
2026-06-14 08:50:30,421 INFO auto_tiktok_editor.telegram.multi Entered stage 'rendering_final'.
2026-06-14 08:50:33,635 INFO auto_tiktok_editor.telegram.multi Entered stage 'validating_session'.
2026-06-14 08:50:33,675 INFO auto_tiktok_editor.telegram.multi Session workspace created at D:\Tool_Reup\code\output\session_20260614_085033_ff2432.
2026-06-14 08:50:33,675 INFO auto_tiktok_editor.telegram.multi Entered stage 'running'.
2026-06-14 08:50:33,677 INFO auto_tiktok_editor.telegram.multi Entered stage 'validating_input'.
2026-06-14 08:50:33,677 INFO auto_tiktok_editor.telegram.multi Entered stage 'downloading_source'.
2026-06-14 08:50:41,501 INFO auto_tiktok_editor.telegram.multi Entered stage 'normalizing_media'.
2026-06-14 08:51:03,708 INFO auto_tiktok_editor.telegram.multi Entered stage 'speed_processing'.
2026-06-14 08:51:12,289 WARNING auto_tiktok_editor.telegram.multi PNG transparency will be flattened against a warm background in the split layout.
2026-06-14 08:51:18,621 INFO auto_tiktok_editor.telegram.multi Entered stage 'extracting_audio'.
2026-06-14 08:51:20,302 INFO auto_tiktok_editor.telegram.multi Entered stage 'detecting_scenes'.
2026-06-14 08:51:24,411 INFO auto_tiktok_editor.telegram.multi Entered stage 'planning_edit'.
2026-06-14 08:51:24,692 INFO auto_tiktok_editor.telegram.multi Entered stage 'preparing_product_image'.
2026-06-14 08:52:07,001 INFO auto_tiktok_editor.telegram.multi Entered stage 'exporting_artifacts'.
2026-06-14 08:52:07,002 INFO auto_tiktok_editor.telegram.multi Entered stage 'exporting_summary'.
2026-06-14 08:52:07,736 INFO auto_tiktok_editor.telegram.multi Entered stage 'rendering_final'.
2026-06-14 08:52:08,179 INFO auto_tiktok_editor.telegram.multi Entered stage 'validating_session'.
2026-06-14 08:52:08,191 INFO auto_tiktok_editor.telegram.multi Session workspace created at D:\Tool_Reup\code\output\session_20260614_085208_f38e19.
2026-06-14 08:52:08,192 INFO auto_tiktok_editor.telegram.multi Entered stage 'running'.
2026-06-14 08:52:08,193 INFO auto_tiktok_editor.telegram.multi Entered stage 'validating_input'.
2026-06-14 08:52:08,193 INFO auto_tiktok_editor.telegram.multi Entered stage 'downloading_source'.
2026-06-14 08:52:19,634 INFO auto_tiktok_editor.telegram.multi Entered stage 'normalizing_media'.
2026-06-14 08:52:47,869 WARNING auto_tiktok_editor.telegram.multi PNG transparency will be flattened against a warm background in the split layout.
2026-06-14 08:52:50,629 WARNING auto_tiktok_editor.telegram.multi Source audio is already near clipping; limiter protection was applied.
2026-06-14 08:52:52,803 INFO auto_tiktok_editor.telegram.multi Entered stage 'speed_processing'.
2026-06-14 08:53:22,502 INFO auto_tiktok_editor.telegram.multi Entered stage 'extracting_audio'.
2026-06-14 08:53:24,661 INFO auto_tiktok_editor.telegram.multi Entered stage 'detecting_scenes'.
2026-06-14 08:53:30,416 INFO auto_tiktok_editor.telegram.multi Entered stage 'planning_edit'.
2026-06-14 08:53:30,437 WARNING auto_tiktok_editor.telegram.multi Scene count is too low for a perfect shuffle; some chunks may still remain close to their source neighbors.
2026-06-14 08:53:30,438 INFO auto_tiktok_editor.telegram.multi Entered stage 'preparing_product_image'.
2026-06-14 08:53:35,569 INFO auto_tiktok_editor.telegram.multi Entered stage 'exporting_artifacts'.
2026-06-14 08:53:35,570 INFO auto_tiktok_editor.telegram.multi Entered stage 'exporting_summary'.
2026-06-14 08:53:58,714 INFO auto_tiktok_editor.telegram.multi Entered stage 'rendering_final'.
2026-06-14 08:54:29,167 WARNING auto_tiktok_editor.telegram.multi PNG transparency will be flattened against a warm background in the split layout.
2026-06-14 08:54:30,330 WARNING auto_tiktok_editor.telegram.multi Source audio is already near clipping; limiter protection was applied.
2026-06-14 08:55:05,993 INFO auto_tiktok_editor.telegram.multi Entered stage 'exporting_artifacts'.
2026-06-14 08:55:05,994 INFO auto_tiktok_editor.telegram.multi Entered stage 'exporting_summary'.
2026-06-14 09:05:43,939 INFO auto_tiktok_editor.telegram.multi Entered stage 'validating_session'.
2026-06-14 09:05:43,973 INFO auto_tiktok_editor.telegram.multi Session workspace created at D:\Tool_Reup\code\output\session_20260614_090543_c0cd6f.
2026-06-14 09:05:43,974 INFO auto_tiktok_editor.telegram.multi Entered stage 'running'.
2026-06-14 09:05:43,976 INFO auto_tiktok_editor.telegram.multi Entered stage 'validating_input'.
2026-06-14 09:05:43,976 INFO auto_tiktok_editor.telegram.multi Entered stage 'downloading_source'.
2026-06-14 09:05:56,565 INFO auto_tiktok_editor.telegram.multi Entered stage 'normalizing_media'.
2026-06-14 09:06:08,956 INFO auto_tiktok_editor.telegram.multi Entered stage 'speed_processing'.
2026-06-14 09:06:17,859 INFO auto_tiktok_editor.telegram.multi Entered stage 'extracting_audio'.
2026-06-14 09:06:18,445 INFO auto_tiktok_editor.telegram.multi Entered stage 'detecting_scenes'.
2026-06-14 09:06:19,992 INFO auto_tiktok_editor.telegram.multi Entered stage 'planning_edit'.
2026-06-14 09:06:19,992 INFO auto_tiktok_editor.telegram.multi Entered stage 'preparing_product_image'.
2026-06-14 09:06:45,773 INFO auto_tiktok_editor.telegram.multi Entered stage 'rendering_final'.
2026-06-14 09:07:07,076 WARNING auto_tiktok_editor.telegram.multi PNG transparency will be flattened against a warm background in the split layout.
2026-06-14 09:07:33,927 INFO auto_tiktok_editor.telegram.multi Entered stage 'exporting_artifacts'.
2026-06-14 09:07:33,927 INFO auto_tiktok_editor.telegram.multi Entered stage 'exporting_summary'.
2026-06-14 09:07:53,923 INFO auto_tiktok_editor.telegram.multi Entered stage 'validating_session'.
2026-06-14 09:07:53,954 INFO auto_tiktok_editor.telegram.multi Session workspace created at D:\Tool_Reup\code\output\session_20260614_090753_ce1278.
2026-06-14 09:07:53,954 INFO auto_tiktok_editor.telegram.multi Entered stage 'running'.
2026-06-14 09:07:53,956 INFO auto_tiktok_editor.telegram.multi Entered stage 'validating_input'.
2026-06-14 09:07:53,956 INFO auto_tiktok_editor.telegram.multi Entered stage 'downloading_source'.
2026-06-14 09:08:37,570 ERROR auto_tiktok_editor.telegram.multi lazy-down could not obtain a playable TikTok video stream, and TikWM fallback also failed. Details: lazy-down: Command failed (2): HTTP 400:; tikwm: TikWM video download failed: <urlopen error [WinError 10054] An existing connection was forcibly closed by the remote host>
2026-06-14 09:08:37,572 INFO auto_tiktok_editor.telegram.multi Entered stage 'exporting_summary'.
2026-06-14 09:08:38,275 INFO auto_tiktok_editor.telegram.multi Entered stage 'validating_session'.
2026-06-14 09:08:38,276 INFO auto_tiktok_editor.telegram.multi Session workspace created at D:\Tool_Reup\code\output\session_20260614_090838_f0416a.
2026-06-14 09:08:38,276 INFO auto_tiktok_editor.telegram.multi Entered stage 'running'.
2026-06-14 09:08:38,278 INFO auto_tiktok_editor.telegram.multi Entered stage 'validating_input'.
2026-06-14 09:08:38,278 INFO auto_tiktok_editor.telegram.multi Entered stage 'downloading_source'.
2026-06-14 09:12:21,623 INFO auto_tiktok_editor.telegram.multi Entered stage 'validating_session'.
2026-06-14 09:12:21,653 INFO auto_tiktok_editor.telegram.multi Session workspace created at D:\Tool_Reup\code\output\session_20260614_091221_44fd10.
2026-06-14 09:12:21,653 INFO auto_tiktok_editor.telegram.multi Entered stage 'running'.
2026-06-14 09:12:21,654 INFO auto_tiktok_editor.telegram.multi Entered stage 'validating_input'.
2026-06-14 09:12:21,654 INFO auto_tiktok_editor.telegram.multi Entered stage 'downloading_source'.
2026-06-14 09:12:29,503 INFO auto_tiktok_editor.telegram.multi Entered stage 'normalizing_media'.
2026-06-14 09:12:41,221 INFO auto_tiktok_editor.telegram.multi Entered stage 'speed_processing'.
2026-06-14 09:12:48,707 INFO auto_tiktok_editor.telegram.multi Entered stage 'extracting_audio'.
2026-06-14 09:12:49,569 INFO auto_tiktok_editor.telegram.multi Entered stage 'detecting_scenes'.
2026-06-14 09:12:51,403 INFO auto_tiktok_editor.telegram.multi Entered stage 'planning_edit'.
2026-06-14 09:12:51,403 INFO auto_tiktok_editor.telegram.multi Entered stage 'preparing_product_image'.
2026-06-14 09:13:16,808 INFO auto_tiktok_editor.telegram.multi Entered stage 'rendering_final'.
2026-06-14 09:13:35,818 WARNING auto_tiktok_editor.telegram.multi PNG transparency will be flattened against a warm background in the split layout.
2026-06-14 09:13:35,885 INFO auto_tiktok_editor.telegram.multi Entered stage 'normalizing_media'.
2026-06-14 09:13:38,447 WARNING auto_tiktok_editor.telegram.multi Source audio is already near clipping; limiter protection was applied.
2026-06-14 09:13:58,490 INFO auto_tiktok_editor.telegram.multi Entered stage 'speed_processing'.
2026-06-14 09:14:17,391 INFO auto_tiktok_editor.telegram.multi Entered stage 'extracting_audio'.
2026-06-14 09:14:18,662 INFO auto_tiktok_editor.telegram.multi Entered stage 'detecting_scenes'.
2026-06-14 09:14:21,655 INFO auto_tiktok_editor.telegram.multi Entered stage 'planning_edit'.
2026-06-14 09:14:21,656 INFO auto_tiktok_editor.telegram.multi Entered stage 'preparing_product_image'.
2026-06-14 09:14:33,063 INFO auto_tiktok_editor.telegram.multi Entered stage 'exporting_artifacts'.
2026-06-14 09:14:33,064 INFO auto_tiktok_editor.telegram.multi Entered stage 'exporting_summary'.
2026-06-14 09:14:35,066 INFO auto_tiktok_editor.telegram.multi Entered stage 'validating_session'.
2026-06-14 09:14:35,080 INFO auto_tiktok_editor.telegram.multi Session workspace created at D:\Tool_Reup\code\output\session_20260614_091435_d54c90.
2026-06-14 09:14:35,081 INFO auto_tiktok_editor.telegram.multi Entered stage 'running'.
2026-06-14 09:14:35,082 INFO auto_tiktok_editor.telegram.multi Entered stage 'validating_input'.
2026-06-14 09:14:35,083 INFO auto_tiktok_editor.telegram.multi Entered stage 'downloading_source'.
2026-06-14 09:14:43,942 INFO auto_tiktok_editor.telegram.multi Entered stage 'normalizing_media'.
2026-06-14 09:15:00,212 INFO auto_tiktok_editor.telegram.multi Entered stage 'rendering_final'.
2026-06-14 09:15:09,429 INFO auto_tiktok_editor.telegram.multi Entered stage 'speed_processing'.
2026-06-14 09:15:25,456 INFO auto_tiktok_editor.telegram.multi Entered stage 'extracting_audio'.
2026-06-14 09:15:26,735 INFO auto_tiktok_editor.telegram.multi Entered stage 'detecting_scenes'.
2026-06-14 09:15:31,092 INFO auto_tiktok_editor.telegram.multi Entered stage 'planning_edit'.
2026-06-14 09:15:31,093 INFO auto_tiktok_editor.telegram.multi Entered stage 'preparing_product_image'.
2026-06-14 09:15:37,548 WARNING auto_tiktok_editor.telegram.multi PNG transparency will be flattened against a warm background in the split layout.
2026-06-14 09:15:39,004 WARNING auto_tiktok_editor.telegram.multi Source audio is already near clipping; limiter protection was applied.
2026-06-14 09:16:07,472 INFO auto_tiktok_editor.telegram.multi Entered stage 'rendering_final'.
2026-06-14 09:16:17,021 INFO auto_tiktok_editor.telegram.multi Entered stage 'exporting_artifacts'.
2026-06-14 09:16:17,021 INFO auto_tiktok_editor.telegram.multi Entered stage 'exporting_summary'.
2026-06-14 09:16:18,987 INFO auto_tiktok_editor.telegram.multi Entered stage 'validating_session'.
2026-06-14 09:16:19,007 INFO auto_tiktok_editor.telegram.multi Session workspace created at D:\Tool_Reup\code\output\session_20260614_091618_bca73a.
2026-06-14 09:16:19,007 INFO auto_tiktok_editor.telegram.multi Entered stage 'running'.
2026-06-14 09:16:19,010 INFO auto_tiktok_editor.telegram.multi Entered stage 'validating_input'.
2026-06-14 09:16:19,011 INFO auto_tiktok_editor.telegram.multi Entered stage 'downloading_source'.
2026-06-14 09:16:28,800 INFO auto_tiktok_editor.telegram.multi Entered stage 'normalizing_media'.
2026-06-14 09:16:56,015 WARNING auto_tiktok_editor.telegram.multi PNG transparency will be flattened against a warm background in the split layout.
2026-06-14 09:16:57,696 INFO auto_tiktok_editor.telegram.multi Entered stage 'speed_processing'.
2026-06-14 09:16:58,609 WARNING auto_tiktok_editor.telegram.multi Source audio is already near clipping; limiter protection was applied.
2026-06-14 09:17:19,765 INFO auto_tiktok_editor.telegram.multi Entered stage 'extracting_audio'.
2026-06-14 09:17:21,604 INFO auto_tiktok_editor.telegram.multi Entered stage 'detecting_scenes'.
2026-06-14 09:17:26,377 INFO auto_tiktok_editor.telegram.multi Entered stage 'planning_edit'.
2026-06-14 09:17:26,494 INFO auto_tiktok_editor.telegram.multi Entered stage 'preparing_product_image'.
2026-06-14 09:18:02,150 INFO auto_tiktok_editor.telegram.multi Entered stage 'exporting_artifacts'.
2026-06-14 09:18:02,152 INFO auto_tiktok_editor.telegram.multi Entered stage 'exporting_summary'.
2026-06-14 09:18:03,537 INFO auto_tiktok_editor.telegram.multi Entered stage 'rendering_final'.
2026-06-14 09:18:04,136 INFO auto_tiktok_editor.telegram.multi Entered stage 'validating_session'.
2026-06-14 09:18:04,154 INFO auto_tiktok_editor.telegram.multi Session workspace created at D:\Tool_Reup\code\output\session_20260614_091804_64fd4d.
2026-06-14 09:18:04,154 INFO auto_tiktok_editor.telegram.multi Entered stage 'running'.
2026-06-14 09:18:04,161 INFO auto_tiktok_editor.telegram.multi Entered stage 'validating_input'.
2026-06-14 09:18:04,161 INFO auto_tiktok_editor.telegram.multi Entered stage 'downloading_source'.
2026-06-14 09:18:31,205 WARNING auto_tiktok_editor.telegram.multi PNG transparency will be flattened against a warm background in the split layout.
2026-06-14 09:18:32,420 WARNING auto_tiktok_editor.telegram.multi Source audio is already near clipping; limiter protection was applied.
2026-06-14 09:19:09,421 INFO auto_tiktok_editor.telegram.multi Entered stage 'exporting_artifacts'.
2026-06-14 09:19:09,422 INFO auto_tiktok_editor.telegram.multi Entered stage 'exporting_summary'.
2026-06-14 09:19:13,470 INFO auto_tiktok_editor.telegram.multi Entered stage 'validating_session'.
2026-06-14 09:19:13,478 INFO auto_tiktok_editor.telegram.multi Session workspace created at D:\Tool_Reup\code\output\session_20260614_091913_12e65c.
2026-06-14 09:19:13,478 INFO auto_tiktok_editor.telegram.multi Entered stage 'running'.
2026-06-14 09:19:13,480 INFO auto_tiktok_editor.telegram.multi Entered stage 'validating_input'.
2026-06-14 09:19:13,480 INFO auto_tiktok_editor.telegram.multi Entered stage 'downloading_source'.
2026-06-14 09:19:20,738 INFO auto_tiktok_editor.telegram.multi Entered stage 'normalizing_media'.
2026-06-14 09:19:37,411 INFO auto_tiktok_editor.telegram.multi Entered stage 'normalizing_media'.
2026-06-14 09:19:38,693 INFO auto_tiktok_editor.telegram.multi Entered stage 'speed_processing'.
2026-06-14 09:20:03,764 INFO auto_tiktok_editor.telegram.multi Entered stage 'speed_processing'.
2026-06-14 09:20:06,236 INFO auto_tiktok_editor.telegram.multi Entered stage 'extracting_audio'.
2026-06-14 09:20:08,585 INFO auto_tiktok_editor.telegram.multi Entered stage 'detecting_scenes'.
2026-06-14 09:20:13,730 INFO auto_tiktok_editor.telegram.multi Entered stage 'planning_edit'.
2026-06-14 09:20:13,730 INFO auto_tiktok_editor.telegram.multi Entered stage 'preparing_product_image'.
2026-06-14 09:20:18,002 INFO auto_tiktok_editor.telegram.multi Entered stage 'extracting_audio'.
2026-06-14 09:20:19,237 INFO auto_tiktok_editor.telegram.multi Entered stage 'detecting_scenes'.
2026-06-14 09:20:23,334 INFO auto_tiktok_editor.telegram.multi Entered stage 'planning_edit'.
2026-06-14 09:20:23,335 INFO auto_tiktok_editor.telegram.multi Entered stage 'preparing_product_image'.
2026-06-14 09:21:06,389 INFO auto_tiktok_editor.telegram.multi Entered stage 'rendering_final'.
2026-06-14 09:21:12,122 INFO auto_tiktok_editor.telegram.multi Entered stage 'rendering_final'.
2026-06-14 09:21:52,287 WARNING auto_tiktok_editor.telegram.multi PNG transparency will be flattened against a warm background in the split layout.
2026-06-14 09:21:55,504 WARNING auto_tiktok_editor.telegram.multi Source audio is already near clipping; limiter protection was applied.
2026-06-14 09:21:59,830 WARNING auto_tiktok_editor.telegram.multi PNG transparency will be flattened against a warm background in the split layout.
2026-06-14 09:22:02,530 WARNING auto_tiktok_editor.telegram.multi Source audio is already near clipping; limiter protection was applied.
2026-06-14 09:22:58,763 INFO auto_tiktok_editor.telegram.multi Entered stage 'exporting_artifacts'.
2026-06-14 09:22:58,764 INFO auto_tiktok_editor.telegram.multi Entered stage 'exporting_summary'.
2026-06-14 09:23:00,665 INFO auto_tiktok_editor.telegram.multi Entered stage 'exporting_artifacts'.
2026-06-14 09:23:00,666 INFO auto_tiktok_editor.telegram.multi Entered stage 'exporting_summary'.
2026-06-14 09:23:01,527 INFO auto_tiktok_editor.telegram.multi Entered stage 'validating_session'.
2026-06-14 09:23:01,535 INFO auto_tiktok_editor.telegram.multi Session workspace created at D:\Tool_Reup\code\output\session_20260614_092301_d01b83.
2026-06-14 09:23:01,535 INFO auto_tiktok_editor.telegram.multi Entered stage 'running'.
2026-06-14 09:23:01,536 INFO auto_tiktok_editor.telegram.multi Entered stage 'validating_input'.
2026-06-14 09:23:01,536 INFO auto_tiktok_editor.telegram.multi Entered stage 'downloading_source'.
2026-06-14 09:23:02,507 INFO auto_tiktok_editor.telegram.multi Entered stage 'validating_session'.
2026-06-14 09:23:02,516 INFO auto_tiktok_editor.telegram.multi Session workspace created at D:\Tool_Reup\code\output\session_20260614_092302_df7fd2.
2026-06-14 09:23:02,516 INFO auto_tiktok_editor.telegram.multi Entered stage 'running'.
2026-06-14 09:23:02,517 INFO auto_tiktok_editor.telegram.multi Entered stage 'validating_input'.
2026-06-14 09:23:02,518 INFO auto_tiktok_editor.telegram.multi Entered stage 'downloading_source'.
2026-06-14 09:23:22,975 INFO auto_tiktok_editor.telegram.multi Entered stage 'normalizing_media'.
2026-06-14 09:23:42,709 INFO auto_tiktok_editor.telegram.multi Entered stage 'speed_processing'.
2026-06-14 09:23:56,027 INFO auto_tiktok_editor.telegram.multi Entered stage 'extracting_audio'.
2026-06-14 09:23:57,079 INFO auto_tiktok_editor.telegram.multi Entered stage 'detecting_scenes'.
2026-06-14 09:23:59,743 INFO auto_tiktok_editor.telegram.multi Entered stage 'planning_edit'.
2026-06-14 09:23:59,745 INFO auto_tiktok_editor.telegram.multi Entered stage 'preparing_product_image'.
2026-06-14 09:24:15,264 INFO auto_tiktok_editor.telegram.multi Entered stage 'normalizing_media'.
2026-06-14 09:24:32,119 INFO auto_tiktok_editor.telegram.multi Entered stage 'rendering_final'.
2026-06-14 09:24:35,195 INFO auto_tiktok_editor.telegram.multi Entered stage 'speed_processing'.
2026-06-14 09:24:47,067 INFO auto_tiktok_editor.telegram.multi Entered stage 'extracting_audio'.
2026-06-14 09:24:47,714 INFO auto_tiktok_editor.telegram.multi Entered stage 'detecting_scenes'.
2026-06-14 09:24:50,129 INFO auto_tiktok_editor.telegram.multi Entered stage 'planning_edit'.
2026-06-14 09:24:50,284 WARNING auto_tiktok_editor.telegram.multi Scene count is too low for a perfect shuffle; some chunks may still remain close to their source neighbors.
2026-06-14 09:24:50,284 INFO auto_tiktok_editor.telegram.multi Entered stage 'preparing_product_image'.
2026-06-14 09:25:20,950 INFO auto_tiktok_editor.telegram.multi Entered stage 'rendering_final'.
2026-06-14 09:25:35,218 WARNING auto_tiktok_editor.telegram.multi PNG transparency will be flattened against a warm background in the split layout.
2026-06-14 09:25:37,676 WARNING auto_tiktok_editor.telegram.multi Source audio is already near clipping; limiter protection was applied.
2026-06-14 09:25:55,187 WARNING auto_tiktok_editor.telegram.multi PNG transparency will be flattened against a warm background in the split layout.
2026-06-14 09:25:57,170 WARNING auto_tiktok_editor.telegram.multi Source audio is already near clipping; limiter protection was applied.
2026-06-14 09:26:34,518 INFO auto_tiktok_editor.telegram.multi Entered stage 'exporting_artifacts'.
2026-06-14 09:26:34,519 INFO auto_tiktok_editor.telegram.multi Entered stage 'exporting_summary'.
2026-06-14 09:26:35,829 INFO auto_tiktok_editor.telegram.multi Entered stage 'validating_session'.
2026-06-14 09:26:35,846 INFO auto_tiktok_editor.telegram.multi Session workspace created at D:\Tool_Reup\code\output\session_20260614_092635_f861ec.
2026-06-14 09:26:35,847 INFO auto_tiktok_editor.telegram.multi Entered stage 'running'.
2026-06-14 09:26:35,850 INFO auto_tiktok_editor.telegram.multi Entered stage 'validating_input'.
2026-06-14 09:26:35,850 INFO auto_tiktok_editor.telegram.multi Entered stage 'downloading_source'.
2026-06-14 09:26:42,937 INFO auto_tiktok_editor.telegram.multi Entered stage 'exporting_artifacts'.
2026-06-14 09:26:42,938 INFO auto_tiktok_editor.telegram.multi Entered stage 'exporting_summary'.
2026-06-14 09:26:44,470 INFO auto_tiktok_editor.telegram.multi Entered stage 'validating_session'.
2026-06-14 09:26:44,479 INFO auto_tiktok_editor.telegram.multi Session workspace created at D:\Tool_Reup\code\output\session_20260614_092644_e1a5e4.
2026-06-14 09:26:44,479 INFO auto_tiktok_editor.telegram.multi Entered stage 'running'.
2026-06-14 09:26:44,481 INFO auto_tiktok_editor.telegram.multi Entered stage 'validating_input'.
2026-06-14 09:26:44,481 INFO auto_tiktok_editor.telegram.multi Entered stage 'downloading_source'.
2026-06-14 09:26:49,494 INFO auto_tiktok_editor.telegram.multi Entered stage 'normalizing_media'.
2026-06-14 09:27:08,111 INFO auto_tiktok_editor.telegram.multi Entered stage 'speed_processing'.
2026-06-14 09:27:20,799 INFO auto_tiktok_editor.telegram.multi Entered stage 'extracting_audio'.
2026-06-14 09:27:21,734 INFO auto_tiktok_editor.telegram.multi Entered stage 'detecting_scenes'.
2026-06-14 09:27:24,456 INFO auto_tiktok_editor.telegram.multi Entered stage 'planning_edit'.
2026-06-14 09:27:24,456 INFO auto_tiktok_editor.telegram.multi Entered stage 'preparing_product_image'.
2026-06-14 09:27:42,988 INFO auto_tiktok_editor.telegram.multi Entered stage 'normalizing_media'.
2026-06-14 09:27:54,104 INFO auto_tiktok_editor.telegram.multi Entered stage 'rendering_final'.
2026-06-14 09:28:14,263 INFO auto_tiktok_editor.telegram.multi Entered stage 'speed_processing'.
2026-06-14 09:28:35,765 INFO auto_tiktok_editor.telegram.multi Entered stage 'extracting_audio'.
2026-06-14 09:28:37,447 INFO auto_tiktok_editor.telegram.multi Entered stage 'detecting_scenes'.
2026-06-14 09:28:40,965 INFO auto_tiktok_editor.telegram.multi Entered stage 'planning_edit'.
2026-06-14 09:28:40,966 INFO auto_tiktok_editor.telegram.multi Entered stage 'preparing_product_image'.
2026-06-14 09:29:08,901 WARNING auto_tiktok_editor.telegram.multi PNG transparency will be flattened against a warm background in the split layout.
2026-06-14 09:29:15,295 INFO auto_tiktok_editor.telegram.multi Entered stage 'rendering_final'.
2026-06-14 09:30:01,146 INFO auto_tiktok_editor.telegram.multi Entered stage 'exporting_artifacts'.
2026-06-14 09:30:01,147 INFO auto_tiktok_editor.telegram.multi Entered stage 'exporting_summary'.
2026-06-14 09:30:14,335 WARNING auto_tiktok_editor.telegram.multi PNG transparency will be flattened against a warm background in the split layout.
2026-06-14 09:30:15,641 WARNING auto_tiktok_editor.telegram.multi Source audio is already near clipping; limiter protection was applied.
2026-06-14 09:30:54,999 INFO auto_tiktok_editor.telegram.multi Entered stage 'exporting_artifacts'.
2026-06-14 09:30:55,000 INFO auto_tiktok_editor.telegram.multi Entered stage 'exporting_summary'.
2026-06-14 09:40:20,075 INFO auto_tiktok_editor.telegram.multi Entered stage 'validating_session'.
2026-06-14 09:40:20,105 INFO auto_tiktok_editor.telegram.multi Session workspace created at D:\Tool_Reup\code\output\session_20260614_094020_1e6a64.
2026-06-14 09:40:20,105 INFO auto_tiktok_editor.telegram.multi Entered stage 'running'.
2026-06-14 09:40:20,107 INFO auto_tiktok_editor.telegram.multi Entered stage 'validating_input'.
2026-06-14 09:40:20,107 INFO auto_tiktok_editor.telegram.multi Entered stage 'downloading_source'.
2026-06-14 09:40:34,480 INFO auto_tiktok_editor.telegram.multi Entered stage 'normalizing_media'.
2026-06-14 09:40:45,747 INFO auto_tiktok_editor.telegram.multi Entered stage 'speed_processing'.
2026-06-14 09:40:53,644 INFO auto_tiktok_editor.telegram.multi Entered stage 'extracting_audio'.
2026-06-14 09:40:54,255 INFO auto_tiktok_editor.telegram.multi Entered stage 'detecting_scenes'.
2026-06-14 09:40:56,136 INFO auto_tiktok_editor.telegram.multi Entered stage 'planning_edit'.
2026-06-14 09:40:56,141 INFO auto_tiktok_editor.telegram.multi Entered stage 'preparing_product_image'.
2026-06-14 09:41:24,257 INFO auto_tiktok_editor.telegram.multi Entered stage 'rendering_final'.
2026-06-14 09:41:45,444 WARNING auto_tiktok_editor.telegram.multi PNG transparency will be flattened against a warm background in the split layout.
2026-06-14 09:41:46,292 WARNING auto_tiktok_editor.telegram.multi Source audio is already near clipping; limiter protection was applied.
2026-06-14 09:42:09,331 INFO auto_tiktok_editor.telegram.multi Entered stage 'exporting_artifacts'.
2026-06-14 09:42:09,332 INFO auto_tiktok_editor.telegram.multi Entered stage 'exporting_summary'.
